order_id,date,time,order_type,branch_code,order_items,order_price,customer_lat,customer_lon,customerHasloyalty?,distance_to_customer_KM,delivery_fee
ORDA02041,2018-11-17,18:38:52,Dinner,BK,"[('Pasta', 10), ('Salmon', 7)]",562.0,-37.816011100000004,145.0057554,0,4.079,13.43491
ORDX03999,2018-10-14,17:27:53,Dinner,BK,"[('Pasta', 6), ('Salmon', 5)]",370.0,-37.8164807,144.9920155,0,5.372000000000001,14.7868279
ORDX09026,2018-05-06,12:03:22,Lunch,BK,"[('Salad', 6), ('Fries', 10), ('Steak', 7), ('Chicken', 1)]",570.2,-37.8221078,144.932693,0,10.84,18.9578513
ORDA09178,2018-07-19,14:35:29,Lunch,BK,"[('Salad', 4), ('Fries', 5), ('Burger', 3), ('Chicken', 7)]",445.8,-37.80061,144.97391919999998,0,7.297000000000001,13.038726800000001
ORDX09730,2018-08-06,15:05:54,Lunch,BK,"[('Steak', 8), ('Chicken', 1), ('Burger', 8)]",640.0,-37.815099100000005,144.9692554,0,7.29,12.7444734
ORDX06360,2018-05-05,12:03:22,Lunch,BK,"[('Burger', 7), ('Salad', 6), ('Steak', 3), ('Chicken', 8), ('Fries', 1)]",723.2,-37.81392,144.9481385,0,9.616,17.6140782
ORDX07457,2018-12-05,19:09:17,Dinner,BK,"[('Salmon', 9), ('Shrimp', 8)]",801.0,-37.8187341,144.9553509,0,8.576,15.5406856
ORDK04595,2018-05-27,12:43:56,Lunch,BK,"[('Fries', 5), ('Burger', 10), ('Salad', 7), ('Chicken', 8)]",746.4,-37.814096299999996,144.9935237,0,5.088,13.142315700000001
ORDK08855,2018-12-06,19:19:26,Dinner,BK,"[('Salmon', 4), ('Pasta', 7), ('Shrimp', 3), ('Fish&Chips', 3)]",623.5,-37.81101029999999,145.0159459,0,4.343,10.7327679
ORDK07574,2018-08-20,15:36:20,Lunch,BK,"[('Steak', 1), ('Fries', 1), ('Chicken', 1), ('Burger', 2)]",151.0,-37.804508,144.9557728,0,8.234,13.8799759
ORDA02114,2018-07-09,14:15:12,Lunch,BK,"[('Fries', 8), ('Salad', 1), ('Burger', 1)]",144.2,-37.8252938,144.98254550000001,0,7.002999999999999,13.104764
ORDA00829,2018-06-10,13:14:21,Lunch,BK,"[('Fries', 7), ('Burger', 4)]",208.0,-37.8141041,144.9597921,0,7.982,16.0137413
ORDK03140,2018-03-01,09:51:32,Breakfast,BK,"[('Eggs', 4), ('Pancake', 1), ('Coffee', 5)]",149.75,-37.8237007,144.9868771,0,6.472,11.466322400000001
ORDX05175,2018-04-17,11:32:57,Breakfast,BK,"[('Cereal', 10), ('Coffee', 3), ('Eggs', 6), ('Pancake', 10)]",607.0,-37.8044144,144.9421387,0,9.312000000000001,14.281796900000002
ORDX01350,2018-05-23,12:43:56,Lunch,BK,"[('Fries', 2), ('Salad', 2), ('Steak', 1), ('Burger', 10), ('Chicken', 10)]",733.4,-37.8144218,144.9851069,0,5.853,11.5581379
ORDK04666,2018-08-20,15:36:20,Lunch,BK,"[('Steak', 7), ('Salad', 7), ('Fries', 5), ('Chicken', 2)]",559.4,-37.812499200000005,144.9742733,0,6.751,13.054578
ORDK08371,2018-01-26,08:50:42,Breakfast,BK,"[('Cereal', 10), ('Eggs', 2), ('Coffee', 2)]",269.0,-37.807094899999996,144.9570155,0,8.067,12.9076071
ORDA10636,2018-12-09,19:19:26,Dinner,BK,"[('Fish&Chips', 9), ('Shrimp', 7), ('Salmon', 7), ('Pasta', 2)]",1035.0,-37.822251200000004,144.9497707,0,9.082,18.1135105
ORDX04064,2018-08-12,15:26:11,Lunch,BK,"[('Fries', 6), ('Burger', 10), ('Salad', 8)]",519.6,-37.80716279999999,144.9918675,0,5.165,13.3734305
ORDK06813,2018-07-10,14:15:12,Lunch,BK,"[('Burger', 4), ('Chicken', 10), ('Salad', 4), ('Fries', 4), ('Steak', 1)]",605.8,-37.824387,144.982992,0,7.035,12.9286844
ORDX08822,2018-03-31,10:52:23,Breakfast,BK,"[('Cereal', 2), ('Coffee', 10), ('Pancake', 8), ('Eggs', 9)]",509.0,-37.802563,144.94563369999997,0,9.087,16.8559051
ORDK06627,2018-10-19,17:38:01,Dinner,BK,"[('Shrimp', 2), ('Salmon', 8), ('Pasta', 3)]",518.5,-37.8242834,144.9693073,0,8.128,14.7776854
ORDK06314,2018-09-02,16:06:45,Dinner,BK,"[('Fish&Chips', 7), ('Shrimp', 2), ('Salmon', 4)]",517.0,-37.812352000000004,144.96924140000002,0,7.145,16.4106535
ORDX10249,2018-07-12,14:25:21,Lunch,BK,"[('Chicken', 6), ('Salad', 10), ('Steak', 4)]",544.0,-37.8187805,145.0007666,0,4.8180000000000005,10.878900900000001
ORDX02168,2018-06-24,13:44:47,Lunch,BK,"[('Fries', 8), ('Steak', 1)]",141.0,-37.8254076,144.9827765,0,7.06,15.749260000000001
ORDK10443,2018-08-29,15:56:37,Lunch,BK,"[('Steak', 10), ('Chicken', 3)]",546.0,-37.8091081,144.9728239,0,6.652,12.7135242
ORDA08123,2018-03-09,10:11:49,Breakfast,BK,"[('Cereal', 3), ('Eggs', 6)]",195.0,-37.8074069,144.9628081,0,7.459,12.423388699999999
ORDA01816,2018-03-05,10:01:41,Breakfast,BK,"[('Cereal', 2), ('Pancake', 3), ('Eggs', 7)]",268.75,-37.8121085,144.97048049999998,0,7.037999999999999,12.3457413
ORDA09573,2018-05-16,12:23:39,Lunch,BK,"[('Fries', 7), ('Chicken', 1)]",116.0,-37.811510299999995,144.9646963,0,7.421,13.347250899999999
ORDK05618,2018-01-29,08:50:42,Breakfast,BK,"[('Eggs', 3), ('Cereal', 2), ('Pancake', 4), ('Coffee', 3)]",227.5,-37.8070811,144.9672879,0,7.053,11.2208679
ORDK02551,2018-11-13,18:28:43,Dinner,BK,"[('Pasta', 4), ('Fish&Chips', 6), ('Salmon', 1), ('Shrimp', 2)]",469.0,-37.8123703,144.9617401,0,7.704,14.4461749
ORDK00410,2018-12-27,20:00:00,Dinner,BK,"[('Shrimp', 6), ('Salmon', 4)]",488.0,-37.8195201,144.94351269999999,0,9.701,16.9225107
ORDA08423,2018-12-13,19:29:34,Dinner,BK,"[('Salmon', 10), ('Shrimp', 7), ('Pasta', 6)]",953.0,-37.818796999999996,144.95691159999998,0,8.472999999999999,15.720143900000002
ORDX01098,2018-06-06,13:04:13,Lunch,BK,"[('Steak', 1), ('Chicken', 2)]",109.0,-37.817854499999996,144.93216999999999,0,10.624,16.652887699999997
ORDX06158,2018-04-24,11:43:05,Breakfast,BK,"[('Cereal', 4), ('Eggs', 6), ('Pancake', 2), ('Coffee', 9)]",332.0,-37.8018643,144.9584873,0,8.102,12.9311481
ORDK02763,2018-01-24,08:40:33,Breakfast,BK,"[('Cereal', 10), ('Coffee', 1), ('Pancake', 7), ('Eggs', 6)]",519.25,-37.817073,144.9595551,0,8.214,12.5216269
ORDK07786,2018-05-14,12:23:39,Lunch,BK,"[('Burger', 7), ('Steak', 3), ('Fries', 9)]",460.0,-37.799245500000005,144.9591676,0,8.44,14.373502300000002
ORDK09705,2018-08-21,15:36:20,Lunch,BK,"[('Fries', 6), ('Chicken', 4), ('Steak', 6)]",470.0,-37.8016737,144.97993369999998,0,6.706,12.1780791
ORDA06721,2018-09-15,16:27:02,Dinner,BK,"[('Pasta', 10), ('Salmon', 7)]",562.0,-37.815303899999996,144.97489119999997,0,6.721,16.0293037
ORDA09208,2018-09-09,16:16:54,Dinner,BK,"[('Shrimp', 7), ('Pasta', 5), ('Fish&Chips', 8), ('Salmon', 6)]",1041.5,-37.8093903,144.9892,0,5.101,14.2651625
ORDK10743,2018-01-20,08:30:25,Breakfast,BK,"[('Pancake', 6), ('Coffee', 7)]",198.0,-37.804111999999996,144.9739368,0,6.891,13.7069492
ORDA06392,2018-10-06,17:17:44,Dinner,BK,"[('Shrimp', 5), ('Pasta', 2), ('Fish&Chips', 3)]",430.0,-37.8116974,144.9832675,0,5.794,15.3677707
ORDA00044,2018-11-21,18:49:00,Dinner,BK,"[('Pasta', 3), ('Salmon', 8), ('Fish&Chips', 3), ('Shrimp', 4)]",731.5,-37.80244879999999,144.9566083,0,8.201,15.2831918
ORDX00504,2018-01-26,08:50:42,Breakfast,BK,"[('Pancake', 2), ('Coffee', 4)]",78.5,-37.8205184,144.9536554,0,8.738,13.955252
ORDX01211,2018-04-06,11:02:32,Breakfast,BK,"[('Cereal', 7), ('Eggs', 6)]",279.0,-37.8027541,144.99499519999998,0,5.336,10.490617599999998
ORDK03362,2018-02-09,09:10:59,Breakfast,BK,"[('Coffee', 4), ('Pancake', 3)]",102.75,-37.805172600000006,144.92827169999998,0,10.720999999999998,15.926167999999999
ORDK05116,2018-05-30,12:54:05,Lunch,BK,"[('Salad', 7), ('Fries', 3), ('Steak', 3), ('Burger', 1), ('Chicken', 4)]",450.4,-37.803735700000004,145.0056821,0,5.433,10.959269800000001
ORDA05564,2018-02-19,09:31:16,Breakfast,BK,"[('Cereal', 2), ('Pancake', 6), ('Eggs', 7)]",341.5,-37.798869599999996,144.9818786,0,6.808,11.399405
ORDX07878,2018-05-29,12:54:05,Lunch,BK,"[('Chicken', 7), ('Steak', 1), ('Fries', 1), ('Burger', 9), ('Salad', 4)]",628.8,-37.8179635,144.9508132,0,8.923,14.8891763
ORDK05733,2018-07-09,14:15:12,Lunch,BK,"[('Fries', 8), ('Burger', 8), ('Salad', 10), ('Steak', 1), ('Chicken', 7)]",785.0,-37.825881700000004,144.98285790000003,0,7.0120000000000005,12.6737082
ORDA02398,2018-10-11,17:17:44,Dinner,BK,"[('Pasta', 2), ('Salmon', 8)]",383.0,-37.812095299999996,144.9534154,0,8.426,15.5368277
ORDX07147,2018-07-11,14:15:12,Lunch,BK,"[('Chicken', 1), ('Burger', 4), ('Steak', 10), ('Salad', 5), ('Fries', 8)]",788.0,-37.82131079999999,144.9688757,0,7.8420000000000005,14.2454261
ORDK01178,2018-01-25,08:40:33,Breakfast,BK,"[('Cereal', 10), ('Eggs', 5)]",320.0,-37.8132588,144.9626345,0,7.707000000000001,12.242487400000002
ORDA05085,2018-02-12,09:21:07,Breakfast,BK,"[('Cereal', 4), ('Eggs', 2), ('Pancake', 9)]",346.25,-37.813956899999994,144.9715919,0,7.047999999999999,11.7755336
ORDX09061,2018-04-17,11:22:49,Breakfast,BK,"[('Eggs', 5), ('Pancake', 6), ('Coffee', 3), ('Cereal', 3)]",341.0,-37.801902899999995,144.98689030000003,0,6.041,10.718855300000001
ORDX05498,2018-11-28,18:59:09,Dinner,BK,"[('Salmon', 3), ('Shrimp', 1), ('Pasta', 5)]",314.5,-37.8200186,144.96876540000002,0,7.666,14.531235999999998
ORDX04835,2018-04-20,11:32:57,Breakfast,BK,"[('Pancake', 8), ('Eggs', 6)]",326.0,-37.8187257,144.9532843,0,8.807,14.1757798
ORDX10250,2018-06-08,13:14:21,Lunch,BK,"[('Salad', 3), ('Fries', 6), ('Steak', 7), ('Burger', 10)]",748.6,-37.8200711,144.9844351,0,6.392,12.320680900000001
ORDK10174,2018-09-08,16:16:54,Dinner,BK,"[('Salmon', 2), ('Fish&Chips', 2)]",152.0,-37.8210354,144.9783837,0,7.05,16.8598782
ORDX07026,2018-08-25,15:46:28,Lunch,BK,"[('Burger', 9), ('Chicken', 9)]",567.0,-37.81733079999999,144.9688157,0,7.75,16.4568033
ORDA00596,2018-12-14,19:29:34,Dinner,BK,"[('Shrimp', 5), ('Fish&Chips', 7)]",515.0,-37.8212718,144.9612196,0,8.216000000000001,15.209402599999999
ORDK08368,2018-09-28,16:57:27,Dinner,BK,"[('Fish&Chips', 2), ('Pasta', 1), ('Shrimp', 8), ('Salmon', 9)]",898.5,-37.8089964,144.9460894,0,9.133,15.943962599999999
ORDK08741,2018-06-02,13:04:13,Lunch,BK,"[('Fries', 7), ('Burger', 5), ('Steak', 2)]",329.0,-37.817686,144.9662605,0,7.5329999999999995,15.930937400000001
ORDK02769,2018-02-12,09:21:07,Breakfast,BK,"[('Eggs', 8), ('Coffee', 7)]",228.5,-37.815650899999994,144.9741108,0,6.837999999999999,11.4240745
ORDK04683,2018-11-28,18:59:09,Dinner,BK,"[('Shrimp', 1), ('Salmon', 1), ('Pasta', 4)]",205.0,-37.818185799999995,144.975564,0,7.056,14.366346300000002
ORDK02133,2018-05-20,12:33:48,Lunch,BK,"[('Burger', 4), ('Fries', 3), ('Steak', 2), ('Chicken', 6)]",442.0,-37.8100093,144.9957902,0,4.51,12.468869900000001
ORDX01473,2018-12-22,19:49:51,Dinner,BK,"[('Salmon', 7), ('Shrimp', 3)]",449.0,-37.805995200000005,144.9668226,0,7.224,17.048339399999996
ORDX07017,2018-10-27,17:58:18,Dinner,BK,"[('Fish&Chips', 3), ('Shrimp', 7), ('Salmon', 6), ('Pasta', 5)]",866.5,-37.8204679,144.9660046,0,7.986000000000001,18.000137600000002
ORDA08102,2018-12-17,19:39:43,Dinner,BK,"[('Pasta', 4), ('Shrimp', 2)]",218.0,-37.807474600000006,144.95043049999998,0,8.697000000000001,15.358769199999998
ORDA11098,2018-10-31,17:58:18,Dinner,BK,"[('Fish&Chips', 10), ('Salmon', 2), ('Pasta', 10), ('Shrimp', 2)]",815.0,-37.80445170000001,144.934518,0,10.088,16.765943300000004
ORDA00669,2018-06-09,13:14:21,Lunch,BK,"[('Salad', 1), ('Burger', 10)]",327.2,-37.7998391,144.9265225,0,11.241,20.2976954
ORDX10397,2018-04-29,11:53:14,Breakfast,BK,"[('Cereal', 9), ('Pancake', 2), ('Coffee', 3)]",260.0,-37.8198928,145.0125392,0,4.406000000000001,11.7937095
ORDX05010,2018-04-07,11:02:32,Breakfast,BK,"[('Eggs', 10), ('Coffee', 2)]",235.0,-37.811314200000005,144.97298030000002,0,6.797999999999999,13.950653299999999
ORDA06866,2018-07-15,14:25:21,Lunch,BK,"[('Chicken', 2), ('Burger', 9)]",343.0,-37.8172158,144.9887299,0,5.851,13.8930645
ORDK05799,2018-03-20,10:32:06,Breakfast,BK,"[('Pancake', 3), ('Cereal', 9)]",261.75,-37.810083399999996,144.9582913,0,7.973,12.4686546
ORDK07798,2018-04-28,11:53:14,Breakfast,BK,"[('Eggs', 2), ('Cereal', 4), ('Pancake', 3)]",200.75,-37.8224687,144.9684216,0,7.999,14.813905599999998
ORDA09917,2018-11-30,18:59:09,Dinner,BK,"[('Fish&Chips', 8), ('Pasta', 2)]",335.0,-37.8096284,144.9725683,0,6.731,13.5574402
ORDX10301,2018-04-03,11:02:32,Breakfast,BK,"[('Coffee', 8), ('Eggs', 5), ('Cereal', 5)]",275.0,-37.8099641,144.9902573,0,5.005,9.3241561
ORDX05880,2018-10-22,17:48:10,Dinner,BK,"[('Fish&Chips', 3), ('Salmon', 8), ('Shrimp', 6)]",757.0,-37.8199186,144.9824704,0,6.577999999999999,12.394355699999998
ORDK06261,2018-07-05,14:05:04,Lunch,BK,"[('Steak', 4), ('Fries', 7), ('Burger', 8), ('Chicken', 2)]",576.0,-37.8210441,144.94726459999998,0,9.349,14.747268400000001
ORDX09641,2018-08-10,15:16:03,Lunch,BK,"[('Salad', 10), ('Burger', 6), ('Steak', 4)]",538.0,-37.8270458,144.9616049,0,9.052999999999999,14.8968175
ORDA02759,2018-02-12,09:21:07,Breakfast,BK,"[('Eggs', 9), ('Pancake', 10), ('Coffee', 10), ('Cereal', 9)]",704.5,-37.8157792,144.9738209,0,6.858,11.3110491
ORDX08796,2018-01-28,08:50:42,Breakfast,BK,"[('Pancake', 1), ('Coffee', 2), ('Cereal', 8), ('Eggs', 8)]",383.25,-37.81055429999999,144.93821440000002,0,9.898,17.448060100000003
ORDK05401,2018-11-24,18:49:00,Dinner,BK,"[('Pasta', 8), ('Shrimp', 8)]",652.0,-37.8190015,144.985083,0,6.199,15.468940900000002
ORDX10837,2018-06-24,13:44:47,Lunch,BK,"[('Burger', 9), ('Chicken', 7), ('Steak', 3), ('Fries', 5), ('Salad', 5)]",784.0,-37.8118044,144.9562004,0,8.105,16.3252315
ORDX01254,2018-12-27,20:00:00,Dinner,BK,"[('Pasta', 8), ('Fish&Chips', 2), ('Shrimp', 4)]",506.0,-37.820983,144.95408480000003,0,8.713,15.4571856
ORDX02151,2018-07-07,14:05:04,Lunch,BK,"[('Chicken', 1), ('Salad', 1), ('Fries', 6)]",121.2,-37.8200286,144.9582187,0,8.292,16.6762229
ORDK07702,2018-09-21,16:47:19,Dinner,BK,"[('Shrimp', 5), ('Fish&Chips', 5)]",445.0,-37.809067,144.9287565,0,10.751,17.9745787
ORDX02939,2018-04-27,11:43:05,Breakfast,BK,"[('Cereal', 8), ('Coffee', 10), ('Eggs', 4)]",331.0,-37.8005886,144.94245869999997,0,9.533,14.460389600000001
ORDA06315,2018-04-30,11:53:14,Breakfast,BK,"[('Coffee', 7), ('Cereal', 1), ('Eggs', 5)]",183.5,-37.7997439,144.955229,0,8.496,13.4068907
ORDX10374,2018-12-30,20:00:00,Dinner,BK,"[('Salmon', 1), ('Pasta', 2), ('Shrimp', 6), ('Fish&Chips', 10)]",770.0,-37.8152763,144.9366486,0,10.038,19.413490499999998
ORDK09386,2018-06-08,13:14:21,Lunch,BK,"[('Burger', 1), ('Chicken', 7)]",255.0,-37.80396629999999,144.94932340000003,0,8.816,14.725415599999998
ORDX09206,2018-12-16,19:29:34,Dinner,BK,"[('Salmon', 6), ('Shrimp', 6), ('Fish&Chips', 6), ('Pasta', 8)]",1000.0,-37.8184922,144.948613,0,9.209,18.7321478
ORDK06889,2018-07-17,14:25:21,Lunch,BK,"[('Chicken', 7), ('Fries', 7), ('Burger', 9), ('Steak', 7), ('Salad', 7)]",1022.4,-37.819887200000004,144.94377869999997,0,9.666,15.3654397
ORDX06626,2018-01-02,08:00:00,Breakfast,BK,"[('Coffee', 5), ('Cereal', 4), ('Pancake', 9), ('Eggs', 5)]",449.75,-37.7990172,145.0123398,1,5.211,5.4150205
ORDX08927,2018-09-01,16:06:45,Dinner,BK,"[('Salmon', 8), ('Shrimp', 5), ('Pasta', 9)]",845.5,-37.8168159,144.9538169,0,8.612,18.260322199999997
ORDA09796,2018-04-13,11:22:49,Breakfast,BK,"[('Coffee', 3), ('Cereal', 3), ('Pancake', 2)]",134.0,-37.8009234,144.9545386,0,8.627,13.385516800000001
ORDX04818,2018-05-20,12:33:48,Lunch,BK,"[('Steak', 2), ('Chicken', 3), ('Fries', 1)]",198.0,-37.8097839,144.9932567,0,4.735,12.761610699999999
ORDK10217,2018-09-24,16:47:19,Dinner,BK,"[('Fish&Chips', 9), ('Pasta', 3), ('Salmon', 7)]",684.5,-37.8018316,144.9688686,0,7.546,14.6928878
ORDX10571,2018-10-31,17:58:18,Dinner,BK,"[('Shrimp', 1), ('Pasta', 10), ('Fish&Chips', 9)]",644.0,-37.8171412,144.9961801,0,5.025,11.516442999999999
ORDA01025,2018-08-01,14:55:46,Lunch,BK,"[('Chicken', 1), ('Burger', 9)]",311.0,-37.7993831,144.9726949,0,7.5,13.4122682
ORDK05374,2018-05-12,12:13:31,Lunch,BK,"[('Burger', 7), ('Chicken', 1)]",249.0,-37.80238189999999,144.9622054,0,7.909,16.7297006
ORDK06142,2018-11-23,18:49:00,Dinner,BK,"[('Shrimp', 5), ('Salmon', 5)]",475.0,-37.805581700000005,144.9450804,0,9.097000000000001,15.6609715
ORDK03393,2018-05-01,11:53:14,Breakfast,BK,"[('Cereal', 2), ('Coffee', 3)]",64.5,-37.808935999999996,144.9520784,0,8.532,13.9094484
ORDX10573,2018-05-12,12:23:39,Lunch,BK,"[('Chicken', 8), ('Fries', 10), ('Salad', 9), ('Burger', 8), ('Steak', 2)]",868.8,-37.8038592,144.9649561,0,7.53,16.2781737
ORDK02800,2018-05-20,12:33:48,Lunch,BK,"[('Chicken', 4), ('Steak', 9), ('Salad', 3), ('Burger', 10), ('Fries', 2)]",918.6,-37.8097671,144.9926624,0,4.788,13.1875788
ORDX03645,2018-12-10,19:19:26,Dinner,BK,"[('Shrimp', 2), ('Salmon', 4)]",272.0,-37.8236214,144.95588869999997,0,8.774,16.32916
ORDK02820,2018-08-02,15:05:54,Lunch,BK,"[('Fries', 3), ('Burger', 3), ('Salad', 8), ('Steak', 2), ('Chicken', 6)]",548.6,-37.822527,144.9739586,0,7.635,13.556103
ORDA09176,2018-08-02,15:05:54,Lunch,BK,"[('Fries', 5), ('Chicken', 4), ('Steak', 6)]",458.0,-37.8000506,144.980491,0,6.763999999999999,12.468750300000002
ORDK01077,2018-09-03,16:06:45,Dinner,BK,"[('Pasta', 9), ('Salmon', 5), ('Fish&Chips', 4), ('Shrimp', 6)]",916.5,-37.8098825,144.9364396,0,10.06,17.311883399999996
ORDK08027,2018-09-05,16:06:45,Dinner,BK,"[('Pasta', 3), ('Shrimp', 3), ('Fish&Chips', 2), ('Salmon', 6)]",560.5,-37.81533710000001,144.9279699,0,11.764000000000001,18.4860163
ORDA02633,2018-03-06,10:01:41,Breakfast,BK,"[('Cereal', 6), ('Coffee', 10)]",201.0,-37.8133401,144.95154440000002,0,8.557,13.255345499999999
ORDA03436,2018-08-18,15:36:20,Lunch,BK,"[('Salad', 1), ('Steak', 9), ('Burger', 8)]",670.2,-37.8103255,145.0019927,0,4.0,12.5235562
ORDA06396,2018-03-03,10:01:41,Breakfast,BK,"[('Cereal', 3), ('Pancake', 2), ('Coffee', 4)]",141.5,-37.800651,144.9685789,0,7.643,15.2686334
ORDX04177,2018-05-30,12:54:05,Lunch,BK,"[('Burger', 3), ('Fries', 3), ('Steak', 5), ('Salad', 6), ('Chicken', 3)]",553.2,-37.82508120000001,144.956932,0,8.854,14.973094
ORDX00663,2018-05-05,12:03:22,Lunch,BK,"[('Burger', 10), ('Fries', 5), ('Steak', 4), ('Salad', 8)]",687.6,-37.8218943,144.9939627,0,5.6610000000000005,13.7733876
ORDX04176,2018-06-19,13:34:38,Lunch,BK,"[('Chicken', 2), ('Burger', 3), ('Salad', 10)]",329.0,-37.8245237,145.0042327,0,5.047,10.937997099999999
ORDX07222,2018-12-11,19:29:34,Dinner,BK,"[('Fish&Chips', 1), ('Pasta', 9), ('Shrimp', 1)]",336.5,-37.8208117,144.9550899,0,8.588,15.444567300000001
ORDX07942,2018-11-02,18:08:27,Dinner,BK,"[('Salmon', 2), ('Pasta', 1), ('Fish&Chips', 7)]",354.5,-37.8203369,144.9902518,0,5.861000000000001,12.8506778
ORDX02037,2018-07-11,14:15:12,Lunch,BK,"[('Fries', 5), ('Burger', 4), ('Steak', 5), ('Chicken', 10), ('Salad', 9)]",883.8,-37.827780499999996,144.9843506,0,8.19,14.349024499999999
ORDK08581,2018-07-16,14:25:21,Lunch,BK,"[('Burger', 1), ('Steak', 5)]",256.0,-37.805603000000005,144.99482790000002,0,5.08,11.226771000000001
ORDX00194,2018-03-07,10:01:41,Breakfast,BK,"[('Pancake', 5), ('Coffee', 3), ('Eggs', 9), ('Cereal', 10)]",551.75,-37.8071932,144.9674688,0,7.027,11.3822981
ORDX00579,2018-11-18,18:38:52,Dinner,BK,"[('Salmon', 6), ('Fish&Chips', 8), ('Pasta', 1)]",553.5,-37.8003751,144.9699201,0,7.545,17.037484399999997
ORDA00373,2018-08-09,15:16:03,Lunch,BK,"[('Steak', 8), ('Chicken', 2)]",424.0,-37.8155255,144.9878219,0,5.686,11.8096456
ORDX07767,2018-06-08,13:14:21,Lunch,BK,"[('Chicken', 9), ('Steak', 5), ('Fries', 4)]",561.0,-37.8048558,144.95130580000003,0,8.557,14.928301000000001
ORDK09778,2018-03-26,10:42:15,Breakfast,BK,"[('Coffee', 3), ('Cereal', 7)]",169.5,-37.816484499999994,145.0042899,0,4.26,9.3914231
ORDX02819,2018-04-02,11:02:32,Breakfast,BK,"[('Eggs', 4), ('Coffee', 4)]",118.0,-37.8152875,144.9522542,0,8.623,13.4961039
ORDX05964,2018-09-07,16:16:54,Dinner,BK,"[('Shrimp', 9), ('Salmon', 6), ('Fish&Chips', 8)]",1012.0,-37.8204937,144.9767747,0,7.221,13.688384699999999
ORDK10861,2018-11-28,18:59:09,Dinner,BK,"[('Pasta', 7), ('Salmon', 5), ('Shrimp', 10), ('Fish&Chips', 4)]",1077.5,-37.8094102,144.97271990000002,0,6.688,13.0874788
ORDK07074,2018-10-14,17:27:53,Dinner,BK,"[('Fish&Chips', 5), ('Shrimp', 2), ('Pasta', 8)]",503.0,-37.8108133,144.9385349,0,9.953,19.3536013
ORDK08550,2018-02-17,09:31:16,Breakfast,BK,"[('Cereal', 10), ('Eggs', 8)]",386.0,-37.824124,144.9868376,0,6.499,13.8880861
ORDA07446,2018-05-24,12:43:56,Lunch,BK,"[('Steak', 1), ('Salad', 5), ('Chicken', 2), ('Burger', 5), ('Fries', 4)]",398.0,-37.823128499999996,144.98042869999998,0,6.977,12.685172099999999
ORDK05974,2018-08-10,15:16:03,Lunch,BK,"[('Chicken', 7), ('Salad', 4), ('Burger', 4)]",416.8,-37.7995101,144.9631204,0,8.177,14.414131699999999
ORDA02060,2018-05-16,12:23:39,Lunch,BK,"[('Fries', 8), ('Burger', 8), ('Steak', 3)]",479.0,-37.808086100000004,144.9708971,0,7.085,12.6473935
ORDA07460,2018-08-05,15:05:54,Lunch,BK,"[('Chicken', 4), ('Steak', 5), ('Fries', 3)]",389.0,-37.8132756,144.9515121,0,8.551,17.351629100000004
ORDX10922,2018-12-12,19:29:34,Dinner,BK,"[('Fish&Chips', 6), ('Shrimp', 6)]",534.0,-37.8144773,144.96563700000002,0,7.691,14.1058071
ORDK03222,2018-03-06,10:01:41,Breakfast,BK,"[('Pancake', 10), ('Cereal', 4), ('Eggs', 1)]",348.5,-37.8098238,144.976572,0,6.5120000000000005,11.3959313
ORDX02480,2018-12-28,20:00:00,Dinner,BK,"[('Shrimp', 9), ('Salmon', 9), ('Fish&Chips', 1), ('Pasta', 3)]",972.5,-37.797130100000004,145.00939019999998,0,5.394,11.9150059
ORDA07216,2018-01-29,08:50:42,Breakfast,BK,"[('Cereal', 10), ('Pancake', 4), ('Eggs', 1)]",329.0,-37.800783100000004,144.9670003,0,7.746,13.1251595
ORDK06711,2018-08-07,15:16:03,Lunch,BK,"[('Steak', 1), ('Fries', 1), ('Chicken', 4), ('Salad', 2), ('Burger', 2)]",281.4,-37.811218100000005,144.95837269999998,0,7.91,13.960007500000001
ORDK00596,2018-09-30,16:57:27,Dinner,BK,"[('Fish&Chips', 1), ('Salmon', 10)]",445.0,-37.8240241,144.99063280000001,0,6.6129999999999995,15.2644113
ORDX06946,2018-07-04,14:05:04,Lunch,BK,"[('Chicken', 4), ('Salad', 6), ('Fries', 8), ('Steak', 9)]",732.2,-37.8041677,145.0028476,0,5.143,11.0792175
ORDK06417,2018-11-20,18:38:52,Dinner,BK,"[('Pasta', 3), ('Fish&Chips', 8), ('Salmon', 9), ('Shrimp', 4)]",947.5,-37.823888399999994,145.0159157,0,4.84,11.1155996
ORDK06852,2018-10-10,17:17:44,Dinner,BK,"[('Fish&Chips', 3), ('Shrimp', 9), ('Salmon', 8), ('Pasta', 7)]",1111.5,-37.8123295,144.95327609999998,0,8.475,15.326586800000001
ORDX00066,2018-09-24,16:47:19,Dinner,BK,"[('Fish&Chips', 1), ('Salmon', 10)]",445.0,-37.816734600000004,144.9881896,0,5.782,12.132895
ORDA01907,2018-08-19,15:36:20,Lunch,BK,"[('Steak', 2), ('Salad', 3), ('Chicken', 6)]",333.6,-37.8157564,144.95836459999998,0,8.197000000000001,16.349854999999998
ORDK08778,2018-08-27,15:56:37,Lunch,BK,"[('Chicken', 6), ('Steak', 5), ('Salad', 5), ('Burger', 10)]",813.0,-37.8046514,144.9377347,0,10.141,16.025796300000003
ORDK04299,2018-09-10,16:16:54,Dinner,BK,"[('Shrimp', 4), ('Fish&Chips', 6)]",426.0,-37.8051976,144.9944969,0,5.073,11.8764727
ORDZ03608,2018-10-14,17:27:53,Dinner,NS,"[('Pasta', 6), ('Fish&Chips', 1)]",200.0,-37.8118847,144.99965580000003,0,9.551,17.435035100000004
ORDZ02095,2018-02-12,09:21:07,Breakfast,NS,"[('Pancake', 7), ('Cereal', 9), ('Eggs', 1)]",380.75,-37.816032,144.97258119999998,0,7.899,12.7643952
ORDI07799,2018-10-27,17:58:18,Dinner,NS,"[('Fish&Chips', 9), ('Salmon', 4), ('Shrimp', 7)]",857.0,-37.8204907,144.9659248,0,8.914,16.6918272
ORDI07892,2018-12-31,20:00:00,Dinner,NS,"[('Shrimp', 1), ('Salmon', 4)]",218.0,-37.8042619,145.0071916,0,9.861,16.0035393
ORDC08602,2018-10-13,17:27:53,Dinner,NS,"[('Fish&Chips', 8), ('Salmon', 7), ('Shrimp', 3)]",729.0,-37.8116975,144.9704856,0,7.367999999999999,15.0305935
ORDZ08909,2018-07-15,14:25:21,Lunch,NS,"[('Salad', 8), ('Fries', 10), ('Chicken', 5), ('Burger', 5), ('Steak', 8)]",932.6,-37.806913,144.96578269999998,0,7.087999999999999,14.3034146
ORDZ02849,2018-02-08,09:10:59,Breakfast,NS,"[('Coffee', 8), ('Pancake', 5), ('Cereal', 6)]",307.25,-37.82175,144.981128,0,9.049,14.011689000000002
ORDZ04853,2018-08-20,15:36:20,Lunch,NS,"[('Chicken', 4), ('Steak', 8), ('Burger', 7)]",705.0,-37.812499200000005,144.9742733,0,7.687,12.686019900000002
ORDI10672,2018-10-09,17:17:44,Dinner,NS,"[('Shrimp', 3), ('Pasta', 6), ('Salmon', 5)]",532.0,-37.810947999999996,144.96283259999998,0,7.693,13.500005300000002
ORDZ05040,2018-03-08,10:11:49,Breakfast,NS,"[('Pancake', 8), ('Eggs', 3)]",260.0,-37.8081804,144.97313540000002,0,7.117000000000001,12.260926699999999
ORDC03410,2018-11-05,18:08:27,Dinner,NS,"[('Fish&Chips', 9), ('Shrimp', 4), ('Pasta', 2)]",586.0,-37.819453499999995,144.98192450000002,0,8.899,14.3631823
ORDC02832,2018-12-11,19:19:26,Dinner,NS,"[('Shrimp', 3), ('Fish&Chips', 7), ('Pasta', 10)]",682.0,-37.8224115,144.9500399,0,9.821,15.181781400000002
ORDI06640,2018-09-30,16:57:27,Dinner,NS,"[('Pasta', 5), ('Shrimp', 1), ('Salmon', 10)]",601.5,-37.812855600000006,144.96344150000002,0,7.8629999999999995,15.969129800000001
ORDZ00701,2018-08-07,15:16:03,Lunch,NS,"[('Chicken', 3), ('Steak', 5), ('Salad', 4), ('Fries', 9)]",497.8,-37.8004479,144.95884099999998,0,7.21,12.641024
ORDC08921,2018-08-19,15:36:20,Lunch,NS,"[('Steak', 2), ('Fries', 8), ('Burger', 7), ('Chicken', 7), ('Salad', 9)]",781.8,-37.8243312,144.95246880000002,0,9.947000000000001,17.3254495
ORDC01834,2018-08-12,15:26:11,Lunch,NS,"[('Chicken', 10), ('Burger', 10), ('Steak', 7)]",945.0,-37.79958370000001,144.96338740000002,0,6.819,14.0748329
ORDC03112,2018-12-18,19:39:43,Dinner,NS,"[('Fish&Chips', 4), ('Salmon', 8), ('Pasta', 7)]",660.5,-37.8103338,144.9470645,0,8.953,14.8175522
ORDC03193,2018-04-09,11:12:40,Breakfast,NS,"[('Coffee', 10), ('Eggs', 9), ('Pancake', 5), ('Cereal', 4)]",478.25,-37.8173325,144.9673786,0,8.304,12.7874461
ORDZ10693,2018-06-06,13:04:13,Lunch,NS,"[('Steak', 8), ('Burger', 8), ('Salad', 2)]",642.4,-37.7998872,144.9878732,0,7.859,13.0896112
ORDZ02163,2018-08-11,15:16:03,Lunch,NS,"[('Fries', 10), ('Chicken', 2), ('Salad', 5), ('Steak', 5), ('Burger', 8)]",743.0,-37.8186933,144.953033,0,10.352,18.1678798
ORDC01520,2018-03-15,10:21:58,Breakfast,NS,"[('Eggs', 5), ('Cereal', 1), ('Pancake', 2), ('Coffee', 5)]",217.0,-37.803499,144.948358,0,8.467,13.5170424
ORDI01365,2018-03-13,10:21:58,Breakfast,NS,"[('Pancake', 10), ('Coffee', 7), ('Eggs', 3), ('Cereal', 4)]",445.0,-37.8220691,144.9738881,0,9.157,14.0841625
ORDZ03504,2018-08-22,15:46:28,Lunch,NS,"[('Fries', 2), ('Salad', 7), ('Steak', 9), ('Burger', 9)]",828.4,-37.8185906,144.95574140000002,0,9.036,14.484361900000001
ORDI06202,2018-08-15,15:26:11,Lunch,NS,"[('Steak', 4), ('Chicken', 8), ('Fries', 6)]",508.0,-37.8109156,144.9719503,0,7.402,13.2734943
ORDZ03358,2018-03-10,10:11:49,Breakfast,NS,"[('Cereal', 8), ('Coffee', 9)]",235.5,-37.8148786,144.98212030000002,0,8.424,15.604753099999998
ORDI09380,2018-06-09,13:14:21,Lunch,NS,"[('Chicken', 5), ('Steak', 4), ('Salad', 9)]",494.8,-37.8050219,145.0150167,0,10.425999999999998,18.0200041
ORDC05376,2018-07-16,14:25:21,Lunch,NS,"[('Steak', 10), ('Burger', 7), ('Chicken', 4), ('Salad', 2), ('Fries', 2)]",853.4,-37.814231899999996,144.9728163,0,7.835,12.747535899999999
ORDZ05084,2018-09-28,16:57:27,Dinner,NS,"[('Pasta', 3), ('Fish&Chips', 6), ('Shrimp', 7)]",670.5,-37.816696,144.99879109999998,0,9.943,15.925093400000002
ORDI01622,2018-11-03,18:08:27,Dinner,NS,"[('Pasta', 2), ('Salmon', 10), ('Shrimp', 10)]",1005.0,-37.7993751,145.01088190000002,0,10.064,18.220930199999998
ORDI04733,2018-06-05,13:04:13,Lunch,NS,"[('Fries', 10), ('Steak', 1), ('Chicken', 7), ('Burger', 10)]",699.0,-37.803892600000005,145.0038247,0,9.45,14.677215900000002
ORDZ00045,2018-06-26,13:44:47,Lunch,NS,"[('Chicken', 4), ('Burger', 8)]",376.0,-37.8249701,144.98474119999997,0,9.526,15.031112400000001
ORDC08367,2018-12-09,19:19:26,Dinner,NS,"[('Salmon', 8), ('Shrimp', 4)]",544.0,-37.8062072,144.9538029,0,8.222000000000001,16.3329952
ORDC11055,2018-10-11,17:17:44,Dinner,NS,"[('Shrimp', 8), ('Fish&Chips', 8)]",712.0,-37.821791999999995,144.9738299,0,9.123,15.385925
ORDI06944,2018-06-05,13:04:13,Lunch,NS,"[('Chicken', 8), ('Burger', 3), ('Salad', 3), ('Fries', 5), ('Steak', 6)]",730.6,-37.8198669,144.9601208,0,8.985,14.7895481
ORDI10200,2018-09-20,16:37:10,Dinner,NS,"[('Pasta', 2), ('Salmon', 5)]",260.0,-37.7865539,145.0197062,0,14.174000000000001,19.7825384
ORDI07095,2018-01-20,08:30:25,Breakfast,NS,"[('Coffee', 5), ('Pancake', 8)]",231.5,-37.804565999999994,144.9774159,0,6.9910000000000005,13.9570948
ORDC00954,2018-06-13,13:24:30,Lunch,NS,"[('Chicken', 7), ('Salad', 3), ('Steak', 10)]",725.6,-37.8260709,145.01701440000002,0,12.154000000000002,17.329627
ORDZ02063,2018-02-06,09:10:59,Breakfast,NS,"[('Coffee', 3), ('Eggs', 9), ('Cereal', 4), ('Pancake', 4)]",401.5,-37.821482200000005,144.9792324,0,8.852,13.391611600000001
ORDZ05184,2018-01-20,08:30:25,Breakfast,NS,"[('Cereal', 10), ('Eggs', 4), ('Pancake', 10)]",540.5,-37.8050795,144.9745234,0,6.836,13.7184875
ORDZ01044,2018-09-04,16:06:45,Dinner,NS,"[('Shrimp', 8), ('Fish&Chips', 2)]",502.0,-37.799732500000005,144.95341330000002,0,7.702000000000001,13.9902596
ORDI01525,2018-05-25,12:43:56,Lunch,NS,"[('Fries', 9), ('Steak', 4), ('Salad', 5), ('Chicken', 8), ('Burger', 7)]",847.0,-37.804156899999995,144.99398080000003,0,8.529,13.9749929
ORDC07279,2018-11-18,18:38:52,Dinner,NS,"[('Shrimp', 9), ('Pasta', 3)]",568.5,-37.818962299999995,145.0084363,0,10.919,19.037760100000003
ORDI09362,2018-08-16,15:26:11,Lunch,NS,"[('Salad', 8), ('Fries', 8), ('Burger', 3)]",326.6,-37.8105864,145.0006647,0,9.491,14.281220900000001
ORDZ07453,2018-05-18,12:33:48,Lunch,NS,"[('Steak', 4), ('Salad', 8)]",317.6,-37.8014372,144.9567869,0,7.483,13.139043
ORDC10932,2018-11-15,18:28:43,Dinner,NS,"[('Salmon', 9), ('Pasta', 2), ('Fish&Chips', 5)]",599.0,-37.8332672,144.9912618,0,10.774000000000001,16.857132399999998
ORDC03932,2018-08-22,15:46:28,Lunch,NS,"[('Salad', 9), ('Burger', 3)]",247.8,-37.809274,144.9375666,0,10.181000000000001,15.431236800000002
ORDI05763,2018-10-16,17:27:53,Dinner,NS,"[('Salmon', 4), ('Shrimp', 10)]",704.0,-37.823514200000005,144.9954167,0,10.131,15.8107801
ORDZ04251,2018-08-09,15:16:03,Lunch,NS,"[('Burger', 3), ('Chicken', 7), ('Steak', 10), ('Fries', 10)]",887.0,-37.8235253,144.95623380000004,0,9.607000000000001,15.2354839
ORDZ05097,2018-05-15,12:23:39,Lunch,NS,"[('Chicken', 9), ('Steak', 5)]",513.0,-37.814633799999996,144.96948899999998,0,7.8389999999999995,14.072812699999998
ORDC05296,2018-12-10,19:19:26,Dinner,NS,"[('Shrimp', 1), ('Fish&Chips', 8)]",334.0,-37.803395200000004,145.0033845,0,9.26,15.719491
ORDI10729,2018-04-13,11:22:49,Breakfast,NS,"[('Pancake', 7), ('Coffee', 3), ('Eggs', 8), ('Cereal', 4)]",452.25,-37.8195302,144.9637571,0,8.788,13.662054999999999
ORDI05319,2018-04-12,11:12:40,Breakfast,NS,"[('Pancake', 8), ('Cereal', 3), ('Eggs', 9), ('Coffee', 8)]",515.0,-37.8047365,144.9270512,0,10.610999999999999,16.415923199999998
ORDC00796,2018-09-13,16:27:02,Dinner,NS,"[('Fish&Chips', 10), ('Salmon', 1), ('Pasta', 10), ('Shrimp', 6)]",990.0,-37.806503799999994,144.9411505,0,9.419,15.244756599999999
ORDZ08123,2018-12-14,19:29:34,Dinner,NS,"[('Pasta', 7), ('Salmon', 7), ('Shrimp', 5)]",749.5,-37.8001285,144.9623913,0,6.835,12.6946011
ORDC00058,2018-12-13,19:29:34,Dinner,NS,"[('Salmon', 10), ('Pasta', 9)]",657.5,-37.8002282,145.0103085,0,9.953,16.1685664
ORDZ05742,2018-02-11,09:21:07,Breakfast,NS,"[('Coffee', 9), ('Pancake', 7), ('Eggs', 9), ('Cereal', 9)]",624.25,-37.8131374,144.96842019999997,0,7.662000000000001,14.894082399999999
ORDC07785,2018-05-08,12:13:31,Lunch,NS,"[('Chicken', 9), ('Salad', 5)]",374.0,-37.803879200000004,144.95739269999999,0,7.62,12.919415800000001
ORDC01098,2018-10-08,17:17:44,Dinner,NS,"[('Salmon', 2), ('Shrimp', 6), ('Fish&Chips', 1)]",441.0,-37.8183822,144.9606004,0,8.773,15.2468693
ORDZ07055,2018-03-25,10:42:15,Breakfast,NS,"[('Cereal', 9), ('Pancake', 2), ('Eggs', 10), ('Coffee', 5)]",495.0,-37.81995870000001,145.0127352,0,11.264000000000001,18.146073100000002
ORDC00705,2018-06-14,13:24:30,Lunch,NS,"[('Chicken', 6), ('Burger', 7), ('Steak', 4), ('Salad', 1), ('Fries', 3)]",642.2,-37.8095778,144.963772,0,7.416,12.8555286
ORDC05895,2018-08-14,15:26:11,Lunch,NS,"[('Salad', 6), ('Fries', 8), ('Steak', 9), ('Burger', 9), ('Chicken', 10)]",1203.2,-37.8087369,144.97461130000002,0,7.287000000000001,12.332608800000001
ORDZ01823,2018-12-26,19:49:51,Dinner,NS,"[('Pasta', 1), ('Salmon', 1), ('Shrimp', 2)]",176.5,-37.8156586,144.9582475,0,8.521,14.793007099999999
ORDC07646,2018-02-21,09:41:24,Breakfast,NS,"[('Cereal', 3), ('Pancake', 10), ('Coffee', 8), ('Eggs', 9)]",563.5,-37.81370510000001,144.99889230000002,0,9.916,14.5578723
ORDI07336,2018-07-03,14:05:04,Lunch,NS,"[('Chicken', 3), ('Steak', 6), ('Fries', 3), ('Salad', 1), ('Burger', 1)]",450.2,-37.8145284,144.9659573,0,7.975,13.5218155
ORDC01508,2018-04-23,11:43:05,Breakfast,NS,"[('Coffee', 4), ('Eggs', 6), ('Pancake', 9)]",380.25,-37.8188716,144.95344790000001,0,9.235,14.174726199999998
ORDC02633,2018-05-09,12:13:31,Lunch,NS,"[('Chicken', 2), ('Fries', 8)]",160.0,-37.799378600000004,144.96428569999998,0,6.8,12.4779381
ORDI07017,2018-05-03,12:03:22,Lunch,NS,"[('Burger', 10), ('Fries', 9), ('Chicken', 9), ('Salad', 3)]",757.6,-37.802469099999996,145.0033649,0,9.286,14.4179011
ORDC09044,2018-02-13,09:21:07,Breakfast,NS,"[('Pancake', 6), ('Cereal', 9)]",334.5,-37.8249054,144.9919171,0,9.772,15.0786428
ORDZ06661,2018-09-26,16:47:19,Dinner,NS,"[('Shrimp', 2), ('Pasta', 2), ('Fish&Chips', 4), ('Salmon', 7)]",590.0,-37.8167966,144.9699858,0,8.103,14.2513185
ORDZ07897,2018-12-12,19:29:34,Dinner,NS,"[('Pasta', 1), ('Fish&Chips', 10), ('Shrimp', 8)]",809.5,-37.820266499999995,144.9573456,0,9.193,15.457421900000002
ORDZ01682,2018-04-17,11:32:57,Breakfast,NS,"[('Pancake', 6), ('Eggs', 8), ('Cereal', 10)]",531.5,-37.816021899999996,144.97230109999998,0,7.898,12.8687072
ORDI10267,2018-03-11,10:11:49,Breakfast,NS,"[('Pancake', 2), ('Coffee', 1), ('Cereal', 2)]",98.0,-37.8045134,144.96317480000002,0,7.106,14.4485473
ORDZ10383,2018-05-21,12:33:48,Lunch,NS,"[('Chicken', 10), ('Burger', 10), ('Salad', 5), ('Fries', 1)]",728.0,-37.798968,144.96295969999997,0,6.928,12.113426400000002
ORDZ09378,2018-05-05,12:03:22,Lunch,NS,"[('Chicken', 10), ('Fries', 8)]",416.0,-37.82040679999999,144.99533,0,9.978,17.3740354
ORDZ01078,2018-02-01,09:00:50,Breakfast,NS,"[('Eggs', 9), ('Cereal', 7)]",345.0,-37.7994579,144.9596991,0,7.136,11.8274895
ORDZ10493,2018-04-11,11:12:40,Breakfast,NS,"[('Coffee', 10), ('Cereal', 7), ('Pancake', 7)]",391.75,-37.8038715,144.9917355,0,8.352,13.3376538
ORDI02576,2018-03-05,10:01:41,Breakfast,NS,"[('Eggs', 9), ('Coffee', 1), ('Cereal', 5), ('Pancake', 10)]",553.0,-37.804962700000004,144.9735331,0,6.746,11.5317517
ORDC09558,2018-01-27,08:50:42,Breakfast,NS,"[('Eggs', 4), ('Cereal', 4), ('Coffee', 5)]",209.5,-37.8105739,144.9503021,0,8.675,15.8490767
ORDZ00509,2018-02-18,09:31:16,Breakfast,NS,"[('Cereal', 6), ('Coffee', 2), ('Eggs', 3), ('Pancake', 2)]",255.5,-37.8073374,144.9445753,0,9.071,16.6245275
ORDC08368,2018-03-21,10:32:06,Breakfast,NS,"[('Coffee', 3), ('Pancake', 10)]",265.0,-37.81405,144.9601946,0,8.186,12.861657000000001
ORDI08550,2018-03-05,10:01:41,Breakfast,NS,"[('Pancake', 4), ('Eggs', 4), ('Cereal', 2), ('Coffee', 8)]",287.0,-37.815787,144.96015269999998,0,8.513,13.354723300000002
ORDC01001,2018-07-07,14:15:12,Lunch,NS,"[('Salad', 8), ('Fries', 10), ('Chicken', 4)]",385.6,-37.8055859,144.98626389999998,0,7.912999999999999,15.5182019
ORDI05497,2018-07-01,13:54:55,Lunch,NS,"[('Fries', 1), ('Steak', 6), ('Salad', 7), ('Chicken', 3)]",498.4,-37.8104058,144.9449218,0,10.450999999999999,17.7660492
ORDZ05191,2018-03-06,10:01:41,Breakfast,NS,"[('Pancake', 9), ('Eggs', 9), ('Cereal', 9)]",605.25,-37.816075,144.98384430000002,0,8.661,13.585208999999999
ORDC04233,2018-03-13,10:21:58,Breakfast,NS,"[('Eggs', 5), ('Cereal', 1), ('Pancake', 3), ('Coffee', 4)]",233.75,-37.800388299999995,144.9587906,0,7.211,12.2014687
ORDI06710,2018-08-28,15:56:37,Lunch,NS,"[('Fries', 9), ('Salad', 4), ('Burger', 9), ('Steak', 3)]",590.8,-37.8173951,144.9459075,0,9.427,15.2651768
ORDI07851,2018-12-23,19:49:51,Dinner,NS,"[('Fish&Chips', 8), ('Pasta', 1), ('Shrimp', 7), ('Salmon', 5)]",890.5,-37.818311,145.0043774,0,10.520999999999999,18.6372682
ORDC03132,2018-12-28,20:00:00,Dinner,NS,"[('Fish&Chips', 4), ('Shrimp', 10), ('Salmon', 1)]",721.0,-37.7964935,145.0083308,0,10.062999999999999,16.2826916
ORDI09014,2018-03-01,09:51:32,Breakfast,NS,"[('Pancake', 10), ('Coffee', 10)]",317.5,-37.8207156,144.96950569999998,0,8.929,13.868983600000002
ORDI06574,2018-08-21,15:36:20,Lunch,NS,"[('Chicken', 1), ('Salad', 7), ('Burger', 6), ('Fries', 1), ('Steak', 2)]",440.4,-37.8180277,144.9677591,0,8.359,13.645551199999998
ORDZ08082,2018-09-16,16:27:02,Dinner,NS,"[('Shrimp', 2), ('Fish&Chips', 1), ('Salmon', 7)]",430.0,-37.810846500000004,144.9995362,0,9.632,17.6064557
ORDI07727,2018-06-03,13:04:13,Lunch,NS,"[('Salad', 1), ('Chicken', 9)]",305.2,-37.8018589,144.9927696,0,8.307,16.0102437
ORDC02382,2018-12-07,19:19:26,Dinner,NS,"[('Pasta', 3), ('Fish&Chips', 6)]",292.5,-37.8104621,145.01306709999997,0,10.634,16.7573916
ORDZ09919,2018-05-26,12:43:56,Lunch,NS,"[('Fries', 2), ('Steak', 9), ('Chicken', 10)]",749.0,-37.8029602,144.95803480000004,0,7.542999999999999,14.7011458
ORDI06914,2018-09-26,16:57:27,Dinner,NS,"[('Pasta', 4), ('Shrimp', 2)]",218.0,-37.823440600000005,144.9783548,0,8.916,15.0553669
ORDI01716,2018-03-26,10:42:15,Breakfast,NS,"[('Coffee', 5), ('Pancake', 8)]",231.5,-37.80591679999999,144.9733743,0,6.855,11.7682154
ORDC05570,2018-08-19,15:36:20,Lunch,NS,"[('Chicken', 10), ('Salad', 9), ('Fries', 5), ('Burger', 6), ('Steak', 8)]",1080.8,-37.8243312,144.95246880000002,0,9.947000000000001,17.9892625
ORDZ08187,2018-11-21,18:49:00,Dinner,NS,"[('Fish&Chips', 4), ('Shrimp', 8), ('Salmon', 6)]",818.0,-37.810778000000006,144.9391446,0,9.717,15.468362599999999
ORDI00824,2018-08-12,15:26:11,Lunch,NS,"[('Fries', 10), ('Chicken', 1), ('Steak', 6), ('Burger', 2), ('Salad', 1)]",501.2,-37.8135283,144.9651206,0,7.88,15.6957652
ORDC09121,2018-01-20,08:30:25,Breakfast,NS,"[('Pancake', 1), ('Eggs', 1), ('Coffee', 9)]",113.75,-37.811653,144.9381715,0,10.28,17.321263000000002
ORDC05805,2018-09-02,16:06:45,Dinner,NS,"[('Fish&Chips', 8), ('Salmon', 1), ('Shrimp', 8), ('Pasta', 5)]",890.5,-37.8115487,144.9361249,0,9.997,17.3873436
ORDC09155,2018-06-23,13:44:47,Lunch,NS,"[('Salad', 8), ('Steak', 2), ('Chicken', 8), ('Fries', 2)]",507.6,-37.8177037,144.95081240000002,0,9.192,16.571697
ORDZ00670,2018-08-18,15:36:20,Lunch,NS,"[('Fries', 6), ('Chicken', 7), ('Burger', 3)]",389.0,-37.8115054,144.9729388,0,7.445,14.3034171
ORDI03022,2018-08-25,15:46:28,Lunch,NS,"[('Fries', 4), ('Steak', 3), ('Salad', 2), ('Chicken', 5)]",377.4,-37.8047601,144.93665380000002,0,9.745,17.6478647
ORDI01376,2018-07-15,14:25:21,Lunch,NS,"[('Burger', 1), ('Chicken', 2)]",95.0,-37.8049263,144.96613390000002,0,6.881,14.904722699999999
ORDI03085,2018-08-06,15:05:54,Lunch,NS,"[('Steak', 9), ('Fries', 8), ('Burger', 6), ('Salad', 8)]",824.6,-37.814651299999994,144.9467566,0,9.035,14.433084699999998
ORDC04622,2018-05-07,12:03:22,Lunch,NS,"[('Salad', 6), ('Steak', 1), ('Fries', 2)]",172.2,-37.8217305,144.9367444,0,10.454,15.8839103
ORDC09772,2018-03-16,10:21:58,Breakfast,NS,"[('Coffee', 7), ('Eggs', 6)]",184.5,-37.8132691,144.9884997,0,8.812000000000001,13.7781334
ORDZ10204,2018-09-03,16:06:45,Dinner,NS,"[('Pasta', 5), ('Shrimp', 6)]",461.5,-37.8149569,144.9354297,0,10.202,16.6570678
ORDZ02978,2018-12-15,19:29:34,Dinner,NS,"[('Salmon', 7), ('Pasta', 8), ('Fish&Chips', 8)]",787.0,-37.8244894,144.94609690000001,0,10.344000000000001,18.4597625
ORDI00733,2018-07-28,14:55:46,Lunch,NS,"[('Steak', 8), ('Fries', 7), ('Salad', 5)]",530.0,-37.823704299999996,144.9825536,0,9.23,16.8821575
ORDI03135,2018-02-07,09:10:59,Breakfast,NS,"[('Eggs', 2), ('Pancake', 7)]",213.75,-37.80975120000001,144.9728269,0,7.296,12.1454716
ORDZ07185,2018-10-16,17:27:53,Dinner,NS,"[('Fish&Chips', 5), ('Shrimp', 4), ('Pasta', 1)]",418.5,-37.8221138,144.99515259999998,0,9.997,16.0479593
ORDZ01517,2018-03-04,10:01:41,Breakfast,NS,"[('Pancake', 2), ('Coffee', 8)]",108.5,-37.8057211,144.95148799999998,0,8.487,15.4489777
ORDI10880,2018-12-19,19:39:43,Dinner,NS,"[('Shrimp', 9), ('Salmon', 3), ('Pasta', 10)]",884.0,-37.816761799999995,144.93186359999999,0,9.404,15.916445300000001
ORDZ03898,2018-07-19,14:35:29,Lunch,NS,"[('Steak', 2), ('Fries', 7)]",174.0,-37.7995708,144.9794226,0,7.042000000000001,12.456602400000001
ORDI06979,2018-03-06,10:01:41,Breakfast,NS,"[('Pancake', 8), ('Eggs', 1)]",216.0,-37.8098862,144.9763827,0,7.829,12.5025347
ORDI04942,2018-12-07,19:19:26,Dinner,NS,"[('Fish&Chips', 6), ('Shrimp', 4), ('Salmon', 1)]",467.0,-37.8016819,144.98138640000002,0,7.132999999999999,13.0201466
ORDI08763,2018-02-07,09:10:59,Breakfast,NS,"[('Pancake', 6), ('Cereal', 3)]",208.5,-37.8230778,144.9378628,0,10.704,15.556119099999998
ORDC09534,2018-08-03,15:05:54,Lunch,NS,"[('Steak', 5), ('Fries', 10), ('Burger', 2), ('Salad', 5), ('Chicken', 4)]",621.0,-37.8121744,144.9738623,0,7.611000000000001,13.2806469
ORDZ03580,2018-03-16,10:21:58,Breakfast,NS,"[('Cereal', 2), ('Pancake', 4), ('Eggs', 7), ('Coffee', 5)]",330.5,-37.8011582,144.9576924,0,7.3629999999999995,12.4218082
ORDI08964,2018-07-05,14:05:04,Lunch,NS,"[('Salad', 8), ('Fries', 3), ('Chicken', 1)]",205.6,-37.80467279999999,144.9365014,0,9.762,15.2416217
ORDI04722,2018-10-23,17:48:10,Dinner,NS,"[('Shrimp', 4), ('Pasta', 5), ('Fish&Chips', 6), ('Salmon', 3)]",686.5,-37.8112316,145.008477,0,10.661,16.8156833
ORDC09404,2018-06-17,13:24:30,Lunch,NS,"[('Chicken', 8), ('Burger', 8), ('Steak', 5)]",729.0,-37.800914,144.965329,0,6.596,13.8575576
ORDI02441,2018-05-04,12:03:22,Lunch,NS,"[('Steak', 7), ('Salad', 9)]",469.8,-37.8024333,144.9381113,0,9.945,15.681610800000001
ORDI02281,2018-02-20,09:31:16,Breakfast,NS,"[('Eggs', 3), ('Cereal', 5)]",171.0,-37.802431,144.9544456,0,7.792999999999999,12.8860704
ORDC00650,2018-12-07,19:19:26,Dinner,NS,"[('Shrimp', 4), ('Pasta', 1)]",243.5,-37.8108364,144.98818799999998,0,8.531,14.505704000000001
ORDC10373,2018-06-17,13:24:30,Lunch,NS,"[('Salad', 4), ('Burger', 1), ('Fries', 10), ('Chicken', 10), ('Steak', 6)]",809.8,-37.8203432,145.0144456,0,11.425,19.2189016
ORDZ09655,2018-05-07,12:03:22,Lunch,NS,"[('Fries', 6), ('Burger', 8), ('Steak', 4), ('Salad', 2), ('Chicken', 5)]",694.4,-37.813720399999994,144.9610399,0,8.123,13.610676500000002
ORDC06921,2018-03-30,10:52:23,Breakfast,NS,"[('Coffee', 5), ('Cereal', 9), ('Pancake', 10)]",469.0,-37.8102571,144.9613166,0,7.643,12.7527935
ORDC06957,2018-05-21,12:33:48,Lunch,NS,"[('Salad', 8), ('Chicken', 4)]",265.6,-37.8154782,144.95394,0,8.785,14.4779122
ORDI07820,2018-07-06,14:05:04,Lunch,NS,"[('Burger', 5), ('Salad', 9), ('Steak', 10), ('Chicken', 2), ('Fries', 4)]",871.8,-37.8131776,144.9389483,0,10.257,15.6281976
ORDI02447,2018-08-21,15:36:20,Lunch,NS,"[('Salad', 6), ('Chicken', 6), ('Fries', 6), ('Steak', 1), ('Burger', 5)]",567.2,-37.832570399999994,144.97168380000002,0,10.036,15.7443637
ORDZ04810,2018-11-07,18:18:35,Dinner,NS,"[('Shrimp', 2), ('Fish&Chips', 5), ('Pasta', 4)]",393.0,-37.813177100000004,144.9628275,0,7.9479999999999995,14.012787099999999
ORDZ01391,2018-02-04,09:00:50,Breakfast,NS,"[('Coffee', 4), ('Cereal', 8)]",198.0,-37.819553000000006,144.9601305,0,8.95,15.8999378
ORDZ00556,2018-01-30,08:50:42,Breakfast,NS,"[('Pancake', 3), ('Cereal', 8)]",240.75,-37.8234736,144.97819109999998,0,8.919,13.952457999999998
ORDZ05880,2018-05-31,12:54:05,Lunch,NS,"[('Steak', 10), ('Fries', 1), ('Burger', 5)]",617.0,-37.79935089999999,144.9594941,0,7.138,12.8244457
ORDI05329,2018-10-13,17:27:53,Dinner,NS,"[('Salmon', 5), ('Pasta', 7), ('Shrimp', 2), ('Fish&Chips', 3)]",610.5,-37.8208442,144.9562398,0,9.332,17.4128887
ORDZ06387,2018-05-28,12:54:05,Lunch,NS,"[('Salad', 6), ('Burger', 9)]",382.2,-37.8150674,144.9735379,0,8.026,13.646254999999998
ORDI02027,2018-02-21,09:41:24,Breakfast,NS,"[('Cereal', 4), ('Pancake', 6), ('Coffee', 2)]",244.5,-37.810386,144.992749,0,8.892999999999999,13.7505378
ORDI08185,2018-06-23,13:44:47,Lunch,NS,"[('Chicken', 6), ('Burger', 6)]",378.0,-37.803639200000006,144.9922661,0,8.307,15.318454699999998
ORDZ02754,2018-11-23,18:49:00,Dinner,NS,"[('Shrimp', 4), ('Fish&Chips', 5), ('Pasta', 1), ('Salmon', 10)]",828.5,-37.8131974,144.958884,0,8.131,14.4202789
ORDZ07920,2018-05-15,12:23:39,Lunch,NS,"[('Steak', 1), ('Chicken', 2)]",109.0,-37.8131321,144.95169909999998,0,8.571,14.1406046
ORDZ01661,2018-10-08,17:17:44,Dinner,NS,"[('Salmon', 5), ('Fish&Chips', 2), ('Pasta', 2), ('Shrimp', 1)]",384.0,-37.8183822,144.9606004,0,8.773,14.948901000000001
ORDC03517,2018-02-15,09:31:16,Breakfast,NS,"[('Pancake', 1), ('Eggs', 7), ('Coffee', 6)]",223.25,-37.808276299999996,144.9835336,0,7.919,13.390307199999999
ORDC05336,2018-04-01,10:52:23,Breakfast,NS,"[('Coffee', 1), ('Pancake', 4), ('Eggs', 5)]",214.5,-37.8188751,144.9625503,0,8.734,15.7650562
ORDI08174,2018-10-22,17:48:10,Dinner,NS,"[('Salmon', 10), ('Shrimp', 2), ('Pasta', 9), ('Fish&Chips', 4)]",905.5,-37.8207339,144.9669253,0,8.825,15.1022981
ORDI03849,2018-12-21,19:39:43,Dinner,NS,"[('Pasta', 10), ('Shrimp', 4), ('Fish&Chips', 7), ('Salmon', 7)]",1023.0,-37.819176399999996,144.95783269999998,0,9.011000000000001,14.7627483
ORDI04742,2018-05-29,12:54:05,Lunch,NS,"[('Steak', 4), ('Salad', 2), ('Burger', 3), ('Chicken', 10)]",627.4,-37.8080028,144.97316619999998,0,7.097,12.5587881
ORDI02805,2018-02-28,09:51:32,Breakfast,NS,"[('Coffee', 3), ('Cereal', 9)]",211.5,-37.803636100000006,144.9322365,0,9.971,14.726911999999999
ORDC05264,2018-05-02,12:03:22,Lunch,NS,"[('Steak', 6), ('Burger', 7), ('Chicken', 9)]",775.0,-37.806954600000005,144.9652455,0,7.145,13.276701699999998
ORDC00665,2018-01-26,08:40:33,Breakfast,NS,"[('Pancake', 2), ('Coffee', 8)]",108.5,-37.8069757,144.9559641,0,8.056000000000001,13.2239762
ORDI04700,2018-05-01,11:53:14,Breakfast,NS,"[('Pancake', 9), ('Eggs', 10), ('Coffee', 8), ('Cereal', 9)]",687.25,-37.81922410000001,144.94659209999998,0,9.644,14.682785199999998
ORDZ04327,2018-08-30,15:56:37,Lunch,NS,"[('Burger', 7), ('Steak', 7), ('Salad', 6), ('Chicken', 6)]",827.2,-37.8089723,144.96155290000002,0,7.805,13.833554999999999
ORDC03464,2018-02-04,09:00:50,Breakfast,NS,"[('Eggs', 7), ('Coffee', 6), ('Cereal', 2)]",241.0,-37.82257070000001,144.9609255,0,9.219,16.1232678
ORDZ08349,2018-08-20,15:36:20,Lunch,NS,"[('Steak', 10), ('Salad', 10), ('Fries', 1)]",634.0,-37.8036314,144.9544783,0,7.88,13.224995800000002
ORDI07041,2018-11-20,18:38:52,Dinner,NS,"[('Fish&Chips', 5), ('Pasta', 9)]",422.5,-37.8189575,144.94663730000002,0,9.606,15.485500699999998
ORDI00300,2018-05-20,12:33:48,Lunch,NS,"[('Salad', 9), ('Burger', 2), ('Fries', 5), ('Steak', 2), ('Chicken', 8)]",622.8,-37.801975,144.95715790000003,0,7.497000000000001,14.779599900000001
ORDC02751,2018-08-14,15:26:11,Lunch,NS,"[('Chicken', 7), ('Salad', 1)]",241.2,-37.822868799999995,144.9557457,0,9.587,14.6232962
ORDZ04551,2018-07-27,14:45:38,Lunch,NS,"[('Chicken', 6), ('Burger', 3), ('Fries', 3)]",321.0,-37.8002505,144.97008390000002,0,6.126,11.813483
ORDZ08939,2018-04-27,11:43:05,Breakfast,NS,"[('Eggs', 7), ('Coffee', 1), ('Cereal', 8), ('Pancake', 9)]",547.75,-37.8010059,144.98748380000004,0,7.771,12.8707645
ORDC01801,2018-12-04,19:09:17,Dinner,NS,"[('Shrimp', 4), ('Salmon', 3), ('Fish&Chips', 3)]",444.0,-37.81071420000001,145.01545969999998,0,11.110999999999999,17.143925
ORDJ01660,2018-07-06,14:05:04,Lunch,TP,"[('Fries', 7), ('Chicken', 5), ('Salad', 6), ('Burger', 5)]",502.2,-37.8054866,144.9882968,0,10.4,13.1255186
ORDB07940,2018-04-13,11:22:49,Breakfast,TP,"[('Pancake', 5), ('Coffee', 5), ('Eggs', 7)]",312.75,-37.823809999999995,144.9627168,0,7.697,10.7201728
ORDY07405,2018-05-16,12:23:39,Lunch,TP,"[('Salad', 7), ('Steak', 6), ('Fries', 7)]",474.4,-37.8081448,144.9289924,0,11.31,14.5343261
ORDB00743,2018-10-21,17:38:01,Dinner,TP,"[('Salmon', 6), ('Pasta', 10), ('Shrimp', 3)]",683.0,-37.8051531,144.9940216,0,10.974,16.6044139
ORDB07775,2018-12-24,19:49:51,Dinner,TP,"[('Fish&Chips', 2), ('Salmon', 6), ('Shrimp', 2), ('Pasta', 3)]",506.5,-37.8052899,144.9579013,0,9.175,13.519166199999999
ORDJ05012,2018-06-15,13:24:30,Lunch,TP,"[('Chicken', 9), ('Steak', 3), ('Burger', 10)]",733.0,-37.819407500000004,145.01463,0,11.939,14.870545199999999
ORDY02160,2018-04-20,11:32:57,Breakfast,TP,"[('Coffee', 4), ('Eggs', 4), ('Cereal', 6), ('Pancake', 10)]",486.5,-37.8054999,144.9565604,0,9.275,12.2858156
ORDB03371,2018-02-19,09:31:16,Breakfast,TP,"[('Coffee', 6), ('Pancake', 7), ('Eggs', 1)]",236.75,-37.8151724,144.9495867,0,9.369,11.9062272
ORDJ03622,2018-07-07,14:15:12,Lunch,TP,"[('Salad', 6), ('Chicken', 10)]",423.2,-37.8058839,144.9372744,0,10.569,15.0338589
ORDB02226,2018-10-23,17:48:10,Dinner,TP,"[('Pasta', 2), ('Shrimp', 9), ('Fish&Chips', 5), ('Salmon', 8)]",1044.0,-37.793423499999996,144.94722919999998,0,11.269,15.030346599999998
ORDJ07695,2018-08-01,14:55:46,Lunch,TP,"[('Burger', 2), ('Steak', 2), ('Salad', 8), ('Chicken', 3), ('Fries', 7)]",469.6,-37.8054914,144.9736456,0,9.517000000000001,12.238987199999999
ORDJ00546,2018-05-23,12:43:56,Lunch,TP,"[('Chicken', 9), ('Fries', 4)]",336.0,-37.81507070000001,144.9889123,0,9.796,12.9667541
ORDY04410,2018-04-10,11:12:40,Breakfast,TP,"[('Eggs', 2), ('Coffee', 10)]",119.0,-37.8101135,144.9049074,0,13.423,15.3645856
ORDY10512,2018-08-26,15:46:28,Lunch,TP,"[('Fries', 3), ('Burger', 4), ('Steak', 1), ('Salad', 1), ('Chicken', 8)]",478.2,-37.8123375,144.93852280000002,0,10.875,15.5050122
ORDJ08154,2018-05-24,12:43:56,Lunch,TP,"[('Salad', 10), ('Chicken', 1), ('Fries', 1), ('Steak', 3), ('Burger', 7)]",568.0,-37.8221479,144.97905500000002,0,8.504,12.1327653
ORDB01940,2018-03-27,10:42:15,Breakfast,TP,"[('Eggs', 3), ('Cereal', 5), ('Coffee', 8)]",231.0,-37.8171722,144.98605869999997,0,9.434,12.2172429
ORDB07903,2018-04-25,11:43:05,Breakfast,TP,"[('Cereal', 4), ('Eggs', 7), ('Pancake', 7), ('Coffee', 9)]",475.25,-37.818755100000004,144.95323,0,8.533,11.1882069
ORDJ03004,2018-02-08,09:10:59,Breakfast,TP,"[('Coffee', 6), ('Pancake', 5), ('Cereal', 7)]",313.25,-37.821248700000005,144.9808831,0,8.716000000000001,11.723294300000001
ORDY06950,2018-03-12,10:11:49,Breakfast,TP,"[('Cereal', 2), ('Coffee', 3), ('Pancake', 2), ('Eggs', 1)]",135.0,-37.8119402,145.00008219999998,0,10.934000000000001,13.4162773
ORDY03697,2018-09-20,16:37:10,Dinner,TP,"[('Pasta', 7), ('Salmon', 2)]",274.5,-37.819869,144.96510419999998,0,7.308,12.2014893
ORDJ07748,2018-11-19,18:38:52,Dinner,TP,"[('Salmon', 3), ('Shrimp', 4)]",339.0,-37.8006615,144.98556100000002,0,10.786,14.698128099999998
ORDY08929,2018-12-01,19:09:17,Dinner,TP,"[('Salmon', 7), ('Shrimp', 7)]",665.0,-37.8073529,144.9364781,0,10.561,15.576443099999999
ORDJ09965,2018-09-12,16:27:02,Dinner,TP,"[('Salmon', 6), ('Pasta', 10)]",521.0,-37.7996059,144.9906674,0,11.2,14.564979899999999
ORDB08939,2018-07-24,14:45:38,Lunch,TP,"[('Chicken', 5), ('Fries', 9), ('Burger', 3), ('Steak', 6)]",631.0,-37.8035011,144.94997519999998,0,9.934,13.803371599999998
ORDY02422,2018-05-08,12:13:31,Lunch,TP,"[('Salad', 4), ('Chicken', 4), ('Burger', 10), ('Fries', 7)]",590.8,-37.8009474,144.9699731,0,9.908,13.2297698
ORDY04525,2018-10-25,17:48:10,Dinner,TP,"[('Pasta', 7), ('Salmon', 8), ('Shrimp', 10)]",1060.5,-37.8182858,144.9787691,0,8.821,13.237055100000001
ORDY02479,2018-12-08,19:19:26,Dinner,TP,"[('Fish&Chips', 10), ('Salmon', 6), ('Pasta', 2)]",651.0,-37.8167697,144.9581959,0,8.104,13.567288699999999
ORDB02021,2018-06-11,13:14:21,Lunch,TP,"[('Burger', 9), ('Fries', 7), ('Salad', 3), ('Steak', 6)]",684.6,-37.803608700000005,144.96227140000002,0,9.377,12.3044701
ORDB06910,2018-05-22,12:33:48,Lunch,TP,"[('Steak', 3), ('Fries', 6)]",207.0,-37.80715670000001,144.9451185,0,10.064,13.626338
ORDB09573,2018-07-18,14:35:29,Lunch,TP,"[('Chicken', 1), ('Fries', 4), ('Burger', 10), ('Salad', 7)]",510.4,-37.8003467,144.9781135,0,10.18,13.1085514
ORDB10435,2018-10-02,17:07:36,Dinner,TP,"[('Fish&Chips', 5), ('Shrimp', 10)]",715.0,-37.8206269,144.96687830000002,0,7.537000000000001,11.2715913
ORDJ07449,2018-05-23,12:43:56,Lunch,TP,"[('Salad', 6), ('Burger', 3), ('Chicken', 8), ('Fries', 7), ('Steak', 9)]",941.2,-37.8134464,144.9897247,0,9.912,13.3762408
ORDB05463,2018-10-04,17:07:36,Dinner,TP,"[('Pasta', 9), ('Fish&Chips', 6)]",457.5,-37.81524829999999,144.93410730000002,0,10.754000000000001,14.783438199999999
ORDB05861,2018-08-10,15:16:03,Lunch,TP,"[('Burger', 8), ('Salad', 8), ('Fries', 6), ('Chicken', 2), ('Steak', 2)]",611.6,-37.818042299999995,144.95291569999998,0,10.277000000000001,13.225518300000003
ORDJ07989,2018-03-08,10:11:49,Breakfast,TP,"[('Eggs', 4), ('Coffee', 10), ('Pancake', 6)]",308.5,-37.818684399999995,144.9838021,0,9.164,11.347026
ORDJ01990,2018-08-15,15:26:11,Lunch,TP,"[('Burger', 9), ('Fries', 2), ('Steak', 10), ('Chicken', 5), ('Salad', 7)]",1033.4,-37.8084027,144.9758271,0,9.201,12.486864599999999
ORDB03571,2018-11-17,18:38:52,Dinner,TP,"[('Pasta', 7), ('Salmon', 6)]",438.5,-37.819188399999994,144.9874733,0,9.378,15.050225699999999
ORDY00035,2018-09-29,16:57:27,Dinner,TP,"[('Salmon', 9), ('Shrimp', 10)]",909.0,-37.8065395,144.95203600000002,0,9.474,15.0461054
ORDB07975,2018-02-24,09:41:24,Breakfast,TP,"[('Pancake', 9), ('Eggs', 4), ('Cereal', 5), ('Coffee', 3)]",433.75,-37.8097439,144.9727467,0,9.043,13.4139386
ORDY03285,2018-12-21,19:39:43,Dinner,TP,"[('Shrimp', 7), ('Salmon', 9), ('Pasta', 4)]",857.0,-37.814923,144.93756489999998,0,10.37,14.266983999999999
ORDJ05757,2018-06-23,13:44:47,Lunch,TP,"[('Salad', 2), ('Burger', 8), ('Fries', 8), ('Steak', 5)]",603.4,-37.81841420000001,144.9739181,0,8.169,13.3903302
ORDJ10647,2018-10-12,17:27:53,Dinner,TP,"[('Salmon', 7), ('Fish&Chips', 5), ('Shrimp', 9), ('Pasta', 4)]",1058.0,-37.81800870000001,144.9668486,0,7.65,12.001093699999998
ORDY09069,2018-06-24,13:44:47,Lunch,TP,"[('Steak', 6), ('Chicken', 1), ('Salad', 9), ('Fries', 10)]",576.8,-37.8109126,144.9457174,0,9.761000000000001,14.1696645
ORDY02869,2018-08-10,15:16:03,Lunch,TP,"[('Salad', 2), ('Fries', 6), ('Steak', 4), ('Burger', 1), ('Chicken', 3)]",413.4,-37.8176815,144.9513685,0,9.042,12.7751705
ORDJ11052,2018-03-31,10:52:23,Breakfast,TP,"[('Pancake', 7), ('Cereal', 2), ('Eggs', 7), ('Coffee', 1)]",373.25,-37.8171905,144.9645271,0,7.665,11.6455523
ORDY10222,2018-05-30,12:54:05,Lunch,TP,"[('Steak', 6), ('Salad', 9), ('Fries', 10), ('Chicken', 1)]",576.8,-37.822149100000004,144.95605880000002,0,8.126,11.9897673
ORDB03422,2018-08-04,15:05:54,Lunch,TP,"[('Salad', 9), ('Steak', 2), ('Fries', 6), ('Chicken', 8)]",572.8,-37.818174400000004,144.9493372,0,8.948,13.9968383
ORDB04086,2018-11-06,18:18:35,Dinner,TP,"[('Pasta', 6), ('Shrimp', 8), ('Salmon', 10)]",1007.0,-37.809276700000005,144.9607237,0,8.626,12.6990112
ORDY02046,2018-06-25,13:44:47,Lunch,TP,"[('Salad', 4), ('Burger', 6), ('Fries', 6), ('Steak', 4), ('Chicken', 1)]",538.8,-37.824205299999996,144.9834431,0,8.926,12.554493699999998
ORDJ06819,2018-05-03,12:03:22,Lunch,TP,"[('Burger', 5), ('Steak', 9), ('Salad', 2)]",594.4,-37.8031227,144.9635754,0,9.401,12.8788662
ORDB01672,2018-08-04,15:05:54,Lunch,TP,"[('Steak', 7), ('Salad', 5), ('Fries', 8), ('Chicken', 8)]",753.0,-37.8034692,144.9497639,0,9.924,14.710982199999998
ORDJ00188,2018-06-06,13:04:13,Lunch,TP,"[('Salad', 6), ('Fries', 6)]",175.2,-37.8031951,144.94913569999997,0,9.97,13.8899538
ORDJ04310,2018-06-19,13:34:38,Lunch,TP,"[('Chicken', 9), ('Steak', 1), ('Salad', 5), ('Burger', 10)]",729.0,-37.821620700000004,145.003319,0,10.88,13.3669825
ORDJ04233,2018-12-03,19:09:17,Dinner,TP,"[('Fish&Chips', 5), ('Salmon', 9), ('Shrimp', 4)]",760.0,-37.8004966,144.9998066,0,11.92,15.695858
ORDY01276,2018-08-01,14:55:46,Lunch,TP,"[('Burger', 2), ('Fries', 8), ('Steak', 4), ('Chicken', 1)]",370.0,-37.807010399999996,144.94896369999998,0,9.654,13.033131599999999
ORDY10797,2018-05-28,12:54:05,Lunch,TP,"[('Burger', 5), ('Fries', 7), ('Steak', 2), ('Chicken', 9)]",617.0,-37.8197321,144.9467771,0,9.155,12.885162800000002
ORDJ00897,2018-12-15,19:29:34,Dinner,TP,"[('Pasta', 9), ('Shrimp', 7)]",625.5,-37.824583700000005,144.9465944,0,8.883,14.277649900000002
ORDJ08103,2018-05-21,12:33:48,Lunch,TP,"[('Steak', 2), ('Fries', 6)]",162.0,-37.818473,145.0150342,0,12.562000000000001,15.0305125
ORDB01050,2018-08-13,15:26:11,Lunch,TP,"[('Steak', 3), ('Burger', 1), ('Salad', 7), ('Chicken', 4), ('Fries', 4)]",462.4,-37.8103133,144.9883833,0,10.048,13.592852599999999
ORDB01224,2018-10-08,17:17:44,Dinner,TP,"[('Pasta', 10), ('Shrimp', 10), ('Fish&Chips', 5), ('Salmon', 3)]",1113.0,-37.8027089,144.9656009,0,9.58,13.518635399999999
ORDJ11036,2018-07-23,14:45:38,Lunch,TP,"[('Burger', 8), ('Steak', 10), ('Salad', 10), ('Chicken', 3)]",966.0,-37.811668299999994,144.990938,0,10.119,13.2060177
ORDJ02489,2018-03-06,10:01:41,Breakfast,TP,"[('Coffee', 2), ('Cereal', 5), ('Eggs', 7)]",274.0,-37.813118700000004,144.9513892,0,9.079,12.0976089
ORDJ09626,2018-08-21,15:36:20,Lunch,TP,"[('Burger', 7), ('Chicken', 6), ('Salad', 9), ('Steak', 7), ('Fries', 2)]",902.8,-37.8109721,144.94358830000002,0,10.21,13.9543663
ORDJ01316,2018-09-15,16:27:02,Dinner,TP,"[('Shrimp', 2), ('Salmon', 8), ('Pasta', 9)]",683.5,-37.8104145,144.995982,0,10.662,15.974202100000001
ORDJ09379,2018-12-24,19:49:51,Dinner,TP,"[('Fish&Chips', 2), ('Shrimp', 1), ('Salmon', 5), ('Pasta', 7)]",521.5,-37.8191748,145.00569009999998,0,11.097000000000001,15.1116783
ORDY01545,2018-06-25,13:44:47,Lunch,TP,"[('Burger', 7), ('Chicken', 10), ('Salad', 10)]",709.0,-37.8045552,144.91604080000002,0,12.379000000000001,15.333009400000002
ORDB09226,2018-01-23,08:40:33,Breakfast,TP,"[('Pancake', 9), ('Eggs', 1), ('Coffee', 2), ('Cereal', 6)]",381.25,-37.7874325,144.9803767,0,11.633,13.9161303
ORDB02540,2018-05-18,12:33:48,Lunch,TP,"[('Chicken', 9), ('Burger', 9)]",567.0,-37.8009979,144.9566807,0,9.625,12.3854628
ORDJ08019,2018-12-23,19:49:51,Dinner,TP,"[('Pasta', 8), ('Fish&Chips', 6), ('Shrimp', 1), ('Salmon', 8)]",812.0,-37.818350200000005,145.0038524,0,10.992,16.6382405
ORDJ01897,2018-07-25,14:45:38,Lunch,TP,"[('Burger', 8), ('Salad', 3)]",299.6,-37.8092714,144.95530180000003,0,8.946,12.3078838
ORDY10044,2018-02-12,09:21:07,Breakfast,TP,"[('Pancake', 9), ('Cereal', 8), ('Coffee', 4), ('Eggs', 1)]",438.25,-37.815865,144.9731491,0,8.27,10.469631300000001
ORDJ00476,2018-03-22,10:32:06,Breakfast,TP,"[('Eggs', 9), ('Pancake', 6)]",343.5,-37.800181,144.95489819999997,0,9.832,12.5209819
ORDY00289,2018-11-09,18:18:35,Dinner,TP,"[('Shrimp', 6), ('Pasta', 1)]",351.5,-37.8030328,144.9657936,0,9.544,14.016587
ORDY04816,2018-10-17,17:38:01,Dinner,TP,"[('Fish&Chips', 9), ('Shrimp', 6), ('Salmon', 10)]",1049.0,-37.802445,144.95019580000002,0,10.051,13.727970000000001
ORDJ06614,2018-07-03,14:05:04,Lunch,TP,"[('Salad', 10), ('Steak', 6), ('Chicken', 4), ('Burger', 2), ('Fries', 9)]",740.0,-37.8135191,144.9655206,0,8.198,11.5214977
ORDB01364,2018-05-08,12:13:31,Lunch,TP,"[('Chicken', 9), ('Fries', 10), ('Burger', 8), ('Steak', 7)]",971.0,-37.8186212,144.9653171,0,7.474,11.1411287
ORDJ07268,2018-03-31,10:52:23,Breakfast,TP,"[('Pancake', 10), ('Coffee', 7)]",295.0,-37.8247958,144.94570339999999,0,8.988,13.1183326
ORDJ01857,2018-03-12,10:11:49,Breakfast,TP,"[('Eggs', 8), ('Coffee', 5), ('Cereal', 4)]",297.5,-37.815234600000004,144.94609340000002,0,9.446,11.8346903
ORDB03740,2018-09-21,16:47:19,Dinner,TP,"[('Pasta', 1), ('Fish&Chips', 4), ('Salmon', 1), ('Shrimp', 10)]",748.5,-37.8202395,144.9576732,0,7.937,12.7561395
ORDB09281,2018-05-29,12:54:05,Lunch,TP,"[('Salad', 7), ('Steak', 10), ('Fries', 3)]",606.4,-37.81806829999999,145.0106825,0,11.776,14.762300199999999
ORDJ01621,2018-03-20,10:32:06,Breakfast,TP,"[('Cereal', 6), ('Eggs', 9)]",324.0,-37.811960600000006,144.9594735,0,8.571,11.880201800000002
ORDJ02925,2018-10-15,17:27:53,Dinner,TP,"[('Shrimp', 8), ('Salmon', 9)]",801.0,-37.8212573,144.9424304,0,9.415,13.7508033
ORDB03136,2018-11-26,18:59:09,Dinner,TP,"[('Fish&Chips', 6), ('Salmon', 3), ('Shrimp', 8), ('Pasta', 7)]",957.5,-37.8061239,144.9583036,0,9.078,13.4246706
ORDY03047,2018-06-25,13:44:47,Lunch,TP,"[('Chicken', 9), ('Fries', 10), ('Burger', 10), ('Steak', 6)]",988.0,-37.824434100000005,144.9846125,0,8.925,12.2194949
ORDJ02845,2018-06-27,13:54:55,Lunch,TP,"[('Chicken', 2), ('Fries', 1), ('Salad', 9)]",230.8,-37.8109175,145.00986909999997,0,11.936,14.9786584
ORDB00526,2018-08-20,15:36:20,Lunch,TP,"[('Fries', 10), ('Salad', 5), ('Chicken', 10)]",526.0,-37.804543599999995,144.94874140000002,0,9.816,12.6350305
ORDB07175,2018-05-19,12:33:48,Lunch,TP,"[('Chicken', 6), ('Fries', 6), ('Steak', 9), ('Burger', 8)]",917.0,-37.8011727,144.98337819999998,0,10.544,14.878559
ORDY01785,2018-02-22,09:41:24,Breakfast,TP,"[('Cereal', 2), ('Coffee', 5)]",79.5,-37.8084097,144.9567031,0,9.087,11.7437334
ORDY09057,2018-05-02,12:03:22,Lunch,TP,"[('Burger', 1), ('Steak', 10), ('Fries', 9), ('Salad', 5), ('Chicken', 4)]",803.0,-37.806954600000005,144.9652455,0,9.077,12.470714599999999
ORDB08982,2018-07-01,13:54:55,Lunch,TP,"[('Burger', 10), ('Chicken', 5), ('Fries', 8), ('Steak', 7), ('Salad', 8)]",1018.6,-37.8092034,144.9648239,0,8.757,13.650939000000001
ORDB07108,2018-05-19,12:33:48,Lunch,TP,"[('Salad', 5), ('Steak', 4), ('Chicken', 6)]",458.0,-37.82456079999999,144.9564993,0,9.048,14.310236199999999
ORDY00001,2018-10-20,17:38:01,Dinner,TP,"[('Salmon', 5), ('Pasta', 4), ('Fish&Chips', 8)]",595.0,-37.820241700000004,144.9687,0,7.621,13.5309307
ORDB04843,2018-05-17,12:23:39,Lunch,TP,"[('Chicken', 1), ('Burger', 10)]",342.0,-37.808530700000006,144.96328380000003,0,8.779,12.1311758
ORDJ09527,2018-06-14,13:24:30,Lunch,TP,"[('Salad', 4), ('Steak', 8), ('Chicken', 3), ('Burger', 3), ('Fries', 7)]",701.8,-37.800299200000005,144.9676887,0,9.94,12.5682327
ORDJ05082,2018-08-01,14:55:46,Lunch,TP,"[('Salad', 1), ('Fries', 5), ('Burger', 6), ('Chicken', 2)]",327.2,-37.8147543,144.9651706,0,8.02,11.603542599999999
ORDB04047,2018-07-19,14:35:29,Lunch,TP,"[('Chicken', 10), ('Burger', 10), ('Salad', 4)]",698.8,-37.806218900000005,144.98181609999997,0,9.911,12.8936526
ORDB09284,2018-11-13,18:28:43,Dinner,TP,"[('Shrimp', 5), ('Salmon', 2)]",352.0,-37.811842799999994,144.95987490000002,0,8.535,12.432186699999999
ORDJ05420,2018-10-10,17:17:44,Dinner,TP,"[('Pasta', 3), ('Salmon', 3), ('Shrimp', 9), ('Fish&Chips', 5)]",866.5,-37.8098596,144.92893569999998,0,11.238,14.325401999999999
ORDJ08771,2018-03-27,10:42:15,Breakfast,TP,"[('Cereal', 7), ('Eggs', 10), ('Coffee', 4), ('Pancake', 3)]",469.75,-37.8171376,144.9856804,0,9.4,11.7020795
ORDJ04116,2018-05-09,12:13:31,Lunch,TP,"[('Steak', 3), ('Chicken', 9), ('Salad', 6), ('Burger', 2)]",588.2,-37.8122375,144.9585135,0,8.652999999999999,11.684887199999999
ORDY03812,2018-02-12,09:21:07,Breakfast,TP,"[('Coffee', 4), ('Cereal', 2), ('Pancake', 3)]",144.75,-37.815865,144.9731491,0,8.27,11.2549516
ORDB00678,2018-07-05,14:05:04,Lunch,TP,"[('Steak', 9), ('Salad', 1), ('Burger', 1), ('Chicken', 4), ('Fries', 2)]",605.2,-37.812248700000005,145.0003405,0,10.977,14.173281099999999
ORDY01271,2018-08-18,15:36:20,Lunch,TP,"[('Chicken', 2), ('Salad', 6), ('Burger', 5)]",322.2,-37.8129967,145.0105475,0,12.093,16.1743059
ORDB03937,2018-07-02,13:54:55,Lunch,TP,"[('Chicken', 5), ('Salad', 9), ('Steak', 5), ('Burger', 10), ('Fries', 5)]",909.8,-37.802864299999996,144.94809840000002,0,10.032,13.167925
ORDJ02314,2018-06-18,13:34:38,Lunch,TP,"[('Chicken', 7), ('Burger', 6), ('Salad', 4)]",478.8,-37.82179779999999,145.0018104,0,10.690999999999999,13.1985769
ORDB10109,2018-08-11,15:16:03,Lunch,TP,"[('Fries', 10), ('Burger', 1), ('Steak', 10), ('Chicken', 5), ('Salad', 3)]",812.6,-37.810606799999995,144.98874640000003,0,9.954,14.7195198
ORDY01921,2018-03-13,10:21:58,Breakfast,TP,"[('Pancake', 5), ('Cereal', 2)]",163.25,-37.819956,144.96736940000002,0,7.487,10.0492184
ORDJ00906,2018-07-03,14:05:04,Lunch,TP,"[('Fries', 9), ('Steak', 5)]",333.0,-37.8114868,144.9645604,0,8.42,11.9195274
ORDY01754,2018-07-16,14:25:21,Lunch,TP,"[('Chicken', 8), ('Burger', 3)]",349.0,-37.801081200000006,145.0146905,0,13.114,15.6964139
ORDY02174,2018-12-27,20:00:00,Dinner,TP,"[('Shrimp', 5), ('Pasta', 6), ('Salmon', 10)]",845.0,-37.8112465,144.96598380000003,0,8.531,12.6708069
ORDB00048,2018-05-26,12:43:56,Lunch,TP,"[('Fries', 3), ('Steak', 3)]",171.0,-37.8132571,145.0145371,0,12.544,16.876973899999996
ORDB09888,2018-06-10,13:14:21,Lunch,TP,"[('Salad', 4), ('Burger', 3)]",161.8,-37.8145453,144.96397140000002,0,7.996,13.0657289
ORDB09350,2018-04-08,11:12:40,Breakfast,TP,"[('Pancake', 6), ('Coffee', 6), ('Eggs', 8), ('Cereal', 10)]",576.5,-37.7996797,144.9575006,0,9.75,13.6251823
ORDY07611,2018-09-06,16:06:45,Dinner,TP,"[('Salmon', 5), ('Fish&Chips', 4), ('Shrimp', 9), ('Pasta', 3)]",913.5,-37.816731700000005,144.92745269999998,0,11.415,15.4117977
ORDY00434,2018-07-11,14:15:12,Lunch,TP,"[('Steak', 4), ('Chicken', 8), ('Burger', 8)]",684.0,-37.8183131,144.9969154,0,10.312000000000001,13.7009562
ORDY03093,2018-07-02,14:05:04,Lunch,TP,"[('Steak', 7), ('Chicken', 2)]",379.0,-37.81307279999999,144.96353009999999,0,8.171,11.294398300000001
ORDB02646,2018-09-10,16:16:54,Dinner,TP,"[('Pasta', 3), ('Salmon', 5), ('Shrimp', 4), ('Fish&Chips', 1)]",538.5,-37.816894,144.9491465,0,9.081,13.2900587
ORDJ08617,2018-12-30,20:00:00,Dinner,TP,"[('Pasta', 3), ('Fish&Chips', 8), ('Salmon', 8)]",690.5,-37.8159859,144.9371794,0,10.440999999999999,15.349314999999999
ORDJ01232,2018-04-17,11:22:49,Breakfast,TP,"[('Pancake', 5), ('Eggs', 1)]",143.25,-37.8116745,144.964772,0,8.404,11.055244300000002
ORDB08633,2018-02-21,09:41:24,Breakfast,TP,"[('Pancake', 10), ('Eggs', 5), ('Coffee', 1)]",360.0,-37.8065946,144.9322622,0,10.997,13.666123800000001
ORDB02451,2018-06-05,13:04:13,Lunch,TP,"[('Fries', 7), ('Chicken', 3), ('Burger', 7), ('Steak', 9), ('Salad', 3)]",853.6,-37.800242,144.943345,0,10.692,13.797314000000002
ORDY09270,2018-02-24,09:41:24,Breakfast,TP,"[('Cereal', 7), ('Coffee', 1)]",154.5,-37.8163708,144.9603311,0,8.166,12.5858451
ORDY09482,2018-08-30,15:56:37,Lunch,TP,"[('Steak', 1), ('Burger', 4), ('Salad', 1), ('Fries', 2), ('Chicken', 8)]",466.2,-37.8069106,144.93740449999999,0,10.494000000000002,12.8065258
ORDY08864,2018-03-12,10:11:49,Breakfast,TP,"[('Coffee', 5), ('Pancake', 2)]",86.0,-37.82428710000001,144.95049880000002,0,8.502,10.6702806
ORDB00443,2018-11-28,18:59:09,Dinner,TP,"[('Shrimp', 5), ('Pasta', 5), ('Fish&Chips', 3)]",512.5,-37.812911,144.9282021,0,11.640999999999998,15.537713
ORDJ08433,2018-03-19,10:32:06,Breakfast,TP,"[('Eggs', 5), ('Pancake', 6), ('Coffee', 3)]",278.0,-37.8020834,144.947903,0,10.147,12.5268784
ORDY10860,2018-07-01,13:54:55,Lunch,TP,"[('Steak', 8), ('Chicken', 5), ('Fries', 3), ('Salad', 1)]",573.2,-37.8134705,144.9657344,0,8.216000000000001,12.5024877
ORDY05049,2018-06-05,13:04:13,Lunch,TP,"[('Fries', 3), ('Chicken', 4), ('Steak', 5), ('Salad', 2), ('Burger', 10)]",733.4,-37.8232592,145.0052851,0,10.988,14.0062041
ORDB01780,2018-09-23,16:47:19,Dinner,TP,"[('Pasta', 9), ('Salmon', 5), ('Shrimp', 6), ('Fish&Chips', 2)]",846.5,-37.797693599999995,144.9674106,0,10.125,15.4980261
ORDJ03056,2018-07-01,13:54:55,Lunch,TP,"[('Burger', 10), ('Chicken', 6), ('Fries', 3), ('Steak', 5), ('Salad', 2)]",797.4,-37.8134705,144.9657344,0,8.216000000000001,13.2247503
ORDY02171,2018-03-07,10:01:41,Breakfast,TP,"[('Pancake', 5), ('Cereal', 6)]",247.25,-37.8238686,144.9838149,0,8.765,12.1091215
ORDJ08001,2018-12-08,19:19:26,Dinner,TP,"[('Fish&Chips', 9), ('Shrimp', 7), ('Salmon', 10), ('Pasta', 8)]",1323.0,-37.82103729999999,144.94760060000002,0,8.964,14.4198072
ORDB01277,2018-10-02,17:07:36,Dinner,TP,"[('Salmon', 3), ('Shrimp', 9), ('Fish&Chips', 2)]",679.0,-37.8245751,144.95283659999998,0,8.347000000000001,12.428307
ORDB06000,2018-10-27,17:58:18,Dinner,TP,"[('Shrimp', 2), ('Fish&Chips', 2), ('Pasta', 3), ('Salmon', 7)]",547.5,-37.8044992,144.9684871,0,9.548,15.267425
ORDB02494,2018-03-12,10:11:49,Breakfast,TP,"[('Coffee', 1), ('Eggs', 5)]",117.5,-37.8163696,144.98524650000002,0,9.362,11.9361683
ORDJ00838,2018-10-08,17:17:44,Dinner,TP,"[('Fish&Chips', 10), ('Salmon', 6)]",596.0,-37.8166359,144.95865890000002,0,8.06,12.2049535
ORDJ04222,2018-10-05,17:07:36,Dinner,TP,"[('Pasta', 4), ('Fish&Chips', 10)]",460.0,-37.8063476,144.9596346,0,8.959,12.7388946
