order_id,date,time,order_type,branch_code,order_items,order_price,customer_lat,customer_lon,customerHasloyalty?,distance_to_customer_KM,delivery_fee,time_details
ORDA10521,10-07-2018,14:15:12,Lunch,BK,"[('Fries', 2), ('Burger', 5), ('Steak', 2), ('Chicken', 4), ('Salad', 8)]",534.6,-37.8246994,144.9848133,0,6.832999999999999,12.5498332,14:15:12
ORDZ09325,2018-06-19,13:34:38,Lunch,NS,"[('Steak', 9), ('Salad', 1), ('Fries', 4)]",470.2,-37.824865100000004,145.00733300000002,0,11.3,17.2447396,13:34:38
ORDJ09141,2018-03-27,10:42:15,Breakfast,TP,"[('Pancake', 9), ('Eggs', 9), ('Cereal', 5)]",521.25,-37.8124577,144.9538382,0,8.854,11.547507699999999,10:42:15
ORDJ02801,2018-08-05,15:05:54,Lunch,TP,"[('Chicken', 9), ('Burger', 7)]",505.0,-37.8129201,144.95209430000003,0,9.022,13.497125,15:05:54
ORDY10527,2018-07-10,14:15:12,Lunch,TP,"[('Burger', 4), ('Salad', 4), ('Chicken', 10)]",192.8,-37.815448100000005,144.9662371,0,8.051,11.765139699999999,14:15:12
ORDJ10549,2018-08-17,15:36:20,Lunch,TP,"[('Steak', 2), ('Fries', 5)]",150.0,-37.8001967,144.9875868,0,10.879000000000001,14.315551199999998,15:36:20
ORDI05171,2018-05-27,12:43:56,Lunch,NS,"[('Fries', 2), ('Burger', 6), ('Salad', 6)]",313.2,-37.8251949,144.99260869999998,0,9.842,17.3994688,12:43:56
ORDJ02279,2018-03-10,10:11:49,Breakfast,TP,"[('Eggs', 1), ('Coffee', 2), ('Cereal', 5)]",144.25,-37.8232903,144.97665769999998,0,8.138,11.9742882,10:11:49
ORDA08325,03-11-2018,18:08:27,Dinner,BK,"[('Salmon', 10), ('Shrimp', 7)]",788.0,-37.8187799,144.96721399999998,0,7.629,17.177868,18:08:27
ORDC09154,2018-10-24,17:48:10,Dinner,NS,"[('Salmon', 10), ('Shrimp', 2), ('Fish&Chips', 6), ('Pasta', 9)]",975.5,-37.8109003,144.9618116,0,7.815,13.566082999999999,17:48:10
ORDZ03019,2018-07-25,14:45:38,Lunch,NS,"[('Fries', 2), ('Salad', 2), ('Burger', 2), ('Chicken', 10), ('Steak', 8)]",800.4,-37.8148609,144.9625497,0,8.276,13.3269152,14:45:38
ORDI03280,2018-03-11,10:11:49,Breakfast,NS,"[('Coffee', 7), ('Cereal', 4), ('Eggs', 7), ('Pancake', 8)]",482.25,-37.8045307,144.963331,0,7.091,14.5124131,10:11:49
ORDZ04220,2018-03-30,10:52:23,Breakfast,NS,"[('Eggs', 2), ('Pancake', 7), ('Coffee', 4), ('Cereal', 5)]",337.5,-37.8142756,144.9631661,0,8.089,13.0883303,10:52:23
ORDC06779,2018-08-29,15:56:37,Lunch,NS,"[('Fries', 2), ('Chicken', 2), ('Salad', 7)]",208.39999999999998,-37.811316999999995,144.957505,0,8.007,13.8774864,15:56:37
ORDI10758,2018-12-11,19:19:26,Dinner,NS,"[('Salmon', 9), ('Fish&Chips', 5)]",544.0,-37.8052407,144.9723874,0,6.845,13.468616500000001,19:19:26
ORDA10506,2018-12-23,19:49:51,Dinner,BK,"[('Salmon', 2), ('Fish&Chips', 6)]",292.0,-37.8220093,144.96989219999998,0,7.9110000000000005,17.4949216,19:49:51
ORDK03544,2018-05-14,12:23:39,Lunch,BK,"[('Steak', 9), ('Salad', 3)]",456.6,-37.80231,144.9803506,0,6.683,12.1365496,12:23:39
ORDZ04913,2018-08-05,15:05:54,Lunch,NS,"[('Steak', 9), ('Burger', 10), ('Fries', 10), ('Chicken', 9), ('Salad', 1)]",1140.2,-37.815000700000006,144.952358,0,4.633,15.859416099999999,15:05:54
ORDJ09307,2018-12-28,20:00:00,Dinner,TP,"[('Salmon', 9), ('Pasta', 7), ('Shrimp', 1), ('Fish&Chips', 4)]",755.5,-37.819612400000004,144.9521114,0,8.602,13.071223800000002,20:00:00
ORDK10682,2018-08-22,15:46:28,Lunch,BK,"[('Steak', 4), ('Salad', 8)]",317.6,-37.8043773,144.94265369999997,0,9.261000000000001,14.930442000000001,15:46:28
ORDJ04877,2018-08-09,15:16:03,Lunch,TP,"[('Chicken', 1), ('Fries', 1)]",44.0,-37.8007208,144.959719,0,9.636000000000001,12.866624900000001,15:16:03
ORDZ06510,2018-03-11,10:11:49,Breakfast,NS,"[('Coffee', 8)]",60.0,-37.810432299999995,144.9671071,0,7.357,14.310979399999999,10:11:49
ORDA08545,2018-06-10,13:14:21,Lunch,BK,"[('Salad', 5), ('Burger', 9)]",365.0,-37.799366799999994,144.96004140000002,0,8.37,17.176098,13:14:21
ORDX10616,2018-07-14,14:25:21,Lunch,BK,"[('Salad', 2), ('Burger', 5)]",189.4,-37.8190211,145.003764,1,4.543,13.173411699999999,14:25:21
ORDJ01497,2018-07-08,14:15:12,Lunch,TP,"[('Salad', 9), ('Chicken', 7)]",378.79999999999995,-37.8029991,144.9495479,0,9.947000000000001,14.249576999999999,14:15:12
ORDC07123,2018-08-13,15:26:11,Lunch,NS,"[('Chicken', 10), ('Steak', 8), ('Salad', 1), ('Fries', 6)]",769.2,-37.813368700000005,144.9650409,0,7.864,13.651931699999999,15:26:11
ORDC01731,2018-10-10,17:17:44,Dinner,NS,"[('Pasta', 3), ('Fish&Chips', 7), ('Shrimp', 4)]",543.5,-37.81264960000001,144.95276669999998,0,8.558,14.616639300000001,17:17:44
ORDZ07398,2018-05-05,12:03:22,Lunch,NS,"[('Salad', 6), ('Steak', 4), ('Chicken', 6), ('Fries', 10)]",595.2,-37.8196857,144.99443019999998,1,9.821,16.771949199999998,12:03:22
ORDB09960,2018-07-30,14:55:46,Lunch,TP,"[('Salad', 8), ('Steak', 3), ('Fries', 9), ('Chicken', 8), ('Burger', 5)]",791.6,-37.8121007,144.9739438,0,8.787,12.0574819,14:55:46
ORDY01654,2018-04-19,11:32:57,Breakfast,TP,"[('Coffee', 6), ('Pancake', 2), ('Cereal', 10)]",299.0,-37.813101,144.9738744,0,7.091,11.4183705,11:32:57
ORDC04458,2018-03-26,10:42:15,Breakfast,NS,"[('Cereal', 9), ('Pancake', 10), ('Eggs', 5), ('Coffee', 6)]",575.25,-37.8252008,144.9462692,0,10.324000000000002,14.985439600000001,10:42:15
ORDB00344,2018-11-25,18:49:00,Dinner,TP,"[('Fish&Chips', 2), ('Shrimp', 5)]",340.0,-37.8211104,144.9827909,0,9.014,14.691270000000001,18:49:00
ORDB04114,2018-07-05,14:05:04,Lunch,TP,"[('Burger', 2), ('Fries', 7), ('Chicken', 4), ('Steak', 1)]",319.0,-37.8227836,144.93575230000002,0,9.93,13.032825,14:05:04
ORDI09103,2018-11-19,18:38:52,Dinner,NS,"[('Salmon', 8), ('Pasta', 6), ('Fish&Chips', 7), ('Shrimp', 6)]",1062.0,-37.8239621,144.9901629,0,9.633,15.571288899999999,18:38:52
ORDJ08159,2018-02-02,09:00:50,Breakfast,TP,"[('Pancake', 1), ('Coffee', 5), ('Cereal', 4)]",143.5,-37.80522,144.9255324,0,11.545,13.753561600000001,09:00:50
ORDB04735,2018-12-13,19:29:34,Dinner,TP,"[('Fish&Chips', 7), ('Pasta', 2)]",300.0,-37.81867929999999,144.9786866,0,10.290999999999999,14.1785081,19:29:34
ORDX09381,2018-05-01,11:53:14,Breakfast,BK,"[('Eggs', 9), ('Pancake', 8), ('Cereal', 5)]",499.25,-37.81483239999999,144.9450731,0,9.16,14.091496,11:53:14
ORDZ10660,2018-01-16,08:30:25,Breakfast,NS,"[('Pancake', 3), ('Cereal', 6), ('Coffee', 7)]",244.5,-37.806118299999994,144.93421419999999,1,10.009,7.5924414,08:30:25
ORDA02307,2018-11-27,18:59:09,Dinner,BK,"[('Salmon', 5), ('Fish&Chips', 3)]",310.0,-37.8193391,144.98325359999998,0,6.47,13.319722699999998,18:59:09
ORDZ00381,2018-02-05,09:00:50,Breakfast,NS,"[('Coffee', 10), ('Cereal', 10), ('Eggs', 3), ('Pancake', 8)]",533.75,-37.8069271,144.975644,0,7.207999999999999,11.6265259,09:00:50
ORDZ03894,2018-01-08,08:10:08,Breakfast,NS,"[('Coffee', 4), ('Cereal', 9)]",219.0,-37.809026,144.9816284,1,7.848,6.3865717,08:10:08
ORDJ08112,2018-04-02,11:02:32,Breakfast,TP,"[('Coffee', 8), ('Cereal', 9), ('Pancake', 3)]",315.0,-37.81309,144.959914,0,8.443,11.225441900000002,11:02:32
ORDA00321,2018-11-11,18:28:43,Dinner,BK,"[('Shrimp', 10), ('Pasta', 1), ('Fish&Chips', 2), ('Salmon', 10)]",1047.5,-37.8155657,144.97628730000002,0,8.783999999999999,17.240799499999998,18:28:43
ORDX10744,2018-02-26,09:51:32,Breakfast,TP,"[('Coffee', 6), ('Cereal', 3)]",108.0,-37.814820399999995,144.9592124,0,11.258,16.545232300000002,09:51:32
ORDI09564,2018-02-16,09:31:16,Breakfast,TP,"[('Cereal', 6), ('Coffee', 9), ('Pancake', 8), ('Eggs', 4)]",466.5,-37.8110223,144.9505115,0,8.65,14.0640155,09:31:16
ORDB08722,2018-10-05,17:07:36,Dinner,TP,"[('Salmon', 5), ('Fish&Chips', 4)]",345.0,-37.8092433,144.9783574,0,9.294,13.0495024,17:07:36
ORDJ05721,2018-08-24,15:46:28,Lunch,TP,"[('Steak', 8), ('Chicken', 3), ('Burger', 5), ('Fries', 9), ('Salad', 5)]",805.0,-37.8013696,144.9530666,0,9.589,13.563212699999998,15:46:28
ORDB04934,2018-01-10,08:10:08,Breakfast,TP,"[('Pancake', 7), ('Coffee', 10), ('Cereal', 6), ('Eggs', 5)]",476.25,-37.806460200000004,144.9439695,1,10.147,5.9723038,08:10:08
ORDI04635,2018-04-06,11:02:32,Breakfast,NS,"[('Cereal', 2), ('Eggs', 6), ('Coffee', 9)]",255.0,-37.80453920000001,144.95608719999998,1,7.817,12.1580325,11:02:32
ORDX04078,2018-02-16,09:31:16,Breakfast,BK,"[('Pancake', 10), ('Cereal', 4), ('Coffee', 2)]",319.0,-37.8120549,144.9509981,0,8.612,13.613895699999999,09:31:16
ORDY06788,2018-01-09,08:10:08,Breakfast,TP,"[('Cereal', 9), ('Eggs', 5)]",310.25,-37.80259229999999,144.9800625,1,10.095,6.3639755,08:10:08
ORDI04464,2018-02-27,09:51:32,Breakfast,NS,"[('Cereal', 10), ('Pancake', 9), ('Coffee', 7)]",460.5,-37.8001434,144.95028369999997,0,8.071,13.176656,09:51:32
ORDB04279,2018-06-09,13:14:21,Lunch,TP,"[('Chicken', 9), ('Fries', 2)]",312.0,-37.8037808,144.97373159999998,1,9.715,14.473858100000001,13:14:21
ORDI10558,2018-04-29,11:53:14,Breakfast,NS,"[('Pancake', 7), ('Eggs', 2)]",202.5,-37.81762620000001,145.00550159999997,0,10.557,17.7769465,11:53:14
ORDA06183,2018-06-26,13:44:47,Lunch,BK,"[('Steak', 6), ('Fries', 9), ('Chicken', 9)]",666.0,-37.8110185,145.000558,1,4.123,10.101568499999999,13:44:47
ORDX10890,2018-05-05,12:03:22,Lunch,BK,"[('Burger', 1), ('Chicken', 3), ('Steak', 5)]",352.0,-37.7990315,144.9795136,0,6.966,15.481169699999999,12:03:22
ORDX05724,2018-04-22,11:43:05,Breakfast,BK,"[('Coffee', 3), ('Cereal', 8), ('Pancake', 10), ('Eggs', 1)]",434.75,-37.819250700000005,144.9527428,0,8.844,16.1329057,11:43:05
ORDX03157,2018-10-04,17:07:36,Dinner,BK,"[('Salmon', 4), ('Shrimp', 6)]",488.0,-37.808775700000005,144.94207759999998,0,9.792,16.7225887,17:07:36
ORDX05580,2018-06-02,13:04:13,Lunch,BK,"[('Fries', 7), ('Salad', 6), ('Steak', 3), ('Burger', 8)]",570.2,-37.8005717,144.99308259999998,0,8.575,14.6005418,13:04:13
ORDK05233,2018-10-03,17:07:36,Dinner,BK,"[('Pasta', 9), ('Salmon', 8)]",575.5,-37.8024773,144.963315,0,7.82,14.876337,17:07:36
ORDK00864,2018-07-31,14:55:46,Lunch,BK,"[('Chicken', 3), ('Salad', 3), ('Fries', 5), ('Burger', 5)]",362.6,-37.822894399999996,144.9556604,0,8.742,14.411091800000001,14:55:46
ORDB09270,2018-11-23,18:49:00,Dinner,TP,"[('Fish&Chips', 7), ('Salmon', 1), ('Pasta', 9), ('Shrimp', 9)]",1019.5,-37.8163745,144.92899340000002,0,12.215,15.6425685,18:49:00
ORDC06869,2018-10-27,17:48:10,Dinner,NS,"[('Fish&Chips', 9), ('Pasta', 6), ('Shrimp', 5)]",750.0,-37.818551,144.9991923,0,10.051,18.063449600000002,17:48:10
ORDJ10169,2018-08-23,15:46:28,Lunch,TP,"[('Salad', 9), ('Chicken', 9), ('Burger', 1), ('Fries', 8), ('Steak', 2)]",659.8,-37.8264748,144.9516952,0,8.503,11.808432,15:46:28
ORDB03377,2018-11-11,18:18:35,Dinner,TP,"[('Fish&Chips', 4), ('Shrimp', 6), ('Salmon', 5)]",669.0,-37.799597,144.9256581,0,12.134,17.188996799999998,18:18:35
ORDY00428,2018-04-28,11:53:14,Breakfast,TP,"[('Coffee', 3), ('Cereal', 1), ('Eggs', 9)]",261.75,-37.8160052,144.9635551,0,7.896,12.804627900000002,11:53:14
ORDY00881,2018-08-01,14:55:46,Lunch,TP,"[('Burger', 7), ('Chicken', 7)]",441.0,-37.812421,144.9478957,0,10.322000000000001,13.093575999999999,14:55:46
ORDI06088,2018-01-18,08:30:25,Breakfast,NS,"[('Cereal', 6), ('Pancake', 7)]",280.0,-37.8120044,145.015264,1,11.145999999999999,7.7834739,08:30:25
ORDB10728,2018-01-06,08:10:08,Breakfast,TP,"[('Cereal', 1), ('Eggs', 9), ('Pancake', 7), ('Coffee', 1)]",400.75,-37.8020591,144.9476939,1,10.166,7.148981599999999,08:10:08
ORDX07745,2018-03-08,10:11:49,Breakfast,BK,"[('Cereal', 6), ('Coffee', 6)]",171.0,-37.8080773,144.9729993,0,6.54,11.1929079,10:11:49
ORDB10460,2018-02-18,09:31:16,Breakfast,TP,"[('Cereal', 8), ('Pancake', 2), ('Coffee', 1)]",219.5,-37.808145399999994,144.9435405,0,10.065,14.0124968,09:31:16
ORDK05139,2018-07-18,14:35:29,Lunch,BK,"[('Salad', 4), ('Fries', 1), ('Burger', 2), ('Chicken', 6)]",334.8,-37.821937,144.9683219,0,7.935,14.0977734,14:35:29
ORDJ06133,2018-10-30,17:58:18,Dinner,TP,"[('Salmon', 2), ('Fish&Chips', 1), ('Shrimp', 8)]",117.0,-37.8197721,144.9809341,0,8.852,12.9373109,17:58:18
ORDX03823,2018-06-21,13:34:38,Lunch,BK,"[('Chicken', 9)]",288.0,-37.7997319,144.96368059999998,0,8.092,14.307059099999998,13:34:38
ORDX03711,2018-08-12,15:26:11,Lunch,BK,"[('Steak', 4), ('Burger', 3)]",273.0,-37.813309100000005,144.96485900000002,0,7.587999999999999,15.8087916,15:26:11
ORDK03727,2018-05-24,12:43:56,Lunch,BK,"[('Steak', 6), ('Salad', 6), ('Fries', 6), ('Chicken', 4), ('Burger', 3)]",666.2,-37.8189972,144.97661609999997,0,7.172000000000001,12.8975284,12:43:56
ORDA09041,2018-02-10,09:21:07,Breakfast,BK,"[('Coffee', 8), ('Eggs', 9), ('Cereal', 7)]",425.25,-37.810911499999996,144.96739480000002,0,7.186,15.3561283,09:21:07
ORDY01845,2018-01-06,08:10:08,Breakfast,TP,"[('Eggs', 1), ('Pancake', 2), ('Coffee', 2)]",83.25,-37.7996936,144.97174990000002,1,10.125,6.9654712,08:10:08
ORDY07069,03-04-2018,11:02:32,Breakfast,TP,"[('Eggs', 1), ('Cereal', 9)]",213.25,-37.81215170000001,144.9890977,0,9.901,12.793055099999998,11:02:32
ORDJ02685,2018-03-18,10:32:06,Breakfast,TP,"[('Eggs', 1), ('Coffee', 4)]",54.25,-37.811398499999996,144.97288989999998,0,8.847999999999999,13.1107954,10:32:06
ORDC06787,2018-10-15,17:27:53,Dinner,NS,"[('Shrimp', 5), ('Salmon', 3), ('Pasta', 2)]",448.0,-37.8096182,144.9757119,0,7.481,13.4735473,17:27:53
ORDX00110,2018-08-26,15:46:28,Lunch,BK,"[('Salad', 10), ('Fries', 2), ('Burger', 3), ('Steak', 9)]",694.0,-37.8123375,144.93852280000002,0,10.440999999999999,18.920716,15:46:28
ORDI00557,2018-09-14,16:27:02,Dinner,NS,"[('Salmon', 2), ('Fish&Chips', 5)]",257.0,-37.8038474,144.9879446,0,7.9110000000000005,14.114672599999999,16:27:02
ORDZ06983,2018-07-30,14:55:46,Lunch,NS,"[('Burger', 5), ('Fries', 5), ('Salad', 4), ('Steak', 4), ('Chicken', 2)]",527.8,-37.809611700000005,144.97235519999998,0,7.227,12.55172,14:55:46
ORDK06790,2018-12-19,19:39:43,Dinner,TP,"[('Fish&Chips', 9), ('Pasta', 6), ('Shrimp', 2)]",588.0,-37.821143400000004,144.9548976,0,8.605,15.5150645,19:39:43
ORDK11034,2018-10-22,17:48:10,Dinner,BK,"[('Shrimp', 4), ('Fish&Chips', 6), ('Pasta', 6)]",591.0,-37.8033937,144.9830858,0,6.308,13.813428,17:48:10
ORDB05805,2018-09-07,16:16:54,Dinner,TP,"[('Shrimp', 6)]",0.0,-37.820483200000005,144.97715269999998,0,8.73,12.453880900000001,16:16:54
ORDK07784,2018-01-23,08:40:33,Breakfast,BK,"[('Cereal', 5), ('Pancake', 10)]",325.0,-37.8190763,144.95418130000002,0,9.041,13.866214300000001,08:40:33
ORDK10777,2018-06-01,12:54:05,Lunch,BK,"[('Fries', 10), ('Chicken', 10), ('Steak', 6)]",710.0,-37.8037783,145.00523959999998,1,5.386,11.1782853,12:54:05
ORDK03344,2018-09-02,16:06:45,Dinner,BK,"[('Pasta', 8), ('Salmon', 5), ('Fish&Chips', 4), ('Shrimp', 10)]",1105.0,-37.8120039,144.97043190000002,0,7.032,16.826578,16:06:45
ORDA06528,2018-03-15,10:21:58,Breakfast,NS,"[('Coffee', 2), ('Pancake', 2), ('Cereal', 9)]",248.0,-37.815304499999996,144.98582199999998,0,5.865,10.1831729,10:21:58
ORDX01328,2018-03-21,10:32:06,Breakfast,BK,"[('Pancake', 8), ('Eggs', 2), ('Coffee', 6), ('Cereal', 4)]",353.5,-37.812045700000006,144.9594573,0,7.902,13.063297300000002,10:32:06
ORDZ05672,2018-03-01,09:51:32,Breakfast,NS,"[('Eggs', 5), ('Coffee', 6), ('Cereal', 5), ('Pancake', 5)]",381.25,-37.8064769,145.0080747,0,9.809,15.057834699999997,09:51:32
ORDX06901,2018-10-16,17:38:01,Dinner,BK,"[('Salmon', 10), ('Fish&Chips', 8)]",690.0,-37.8193049,144.999041,0,5.031000000000001,11.932951300000001,17:38:01
ORDZ03469,2018-09-03,16:06:45,Dinner,NS,"[('Salmon', 7), ('Pasta', 8), ('Fish&Chips', 9), ('Shrimp', 7)]",1200.0,-37.8136961,144.9461109,0,9.498,15.148457,16:06:45
ORDZ09051,2018-05-11,12:13:31,Lunch,NS,"[('Chicken', 1), ('Salad', 4), ('Burger', 9)]",379.8,-37.8244101,144.955135,0,10.344000000000001,15.6988712,12:13:31
ORDB04038,2018-09-04,16:06:45,Dinner,TP,"[('Salmon', 2), ('Pasta', 10), ('Fish&Chips', 1)]",392.0,-37.799758000000004,144.94916940000002,0,10.321,14.148375,16:06:45
ORDX02859,2018-02-21,09:41:24,Breakfast,BK,"[('Pancake', 1), ('Cereal', 6)]",148.0,-37.814774,145.00660469999997,0,3.97,9.122983,09:41:24
ORDY02942,2018-10-14,17:27:53,Dinner,TP,"[('Pasta', 9), ('Shrimp', 9), ('Fish&Chips', 8)]",1013.5,-37.8193166,144.9621428,0,8.08,14.324875500000001,17:27:53
ORDX08764,2018-07-17,14:25:21,Lunch,BK,"[('Salad', 10), ('Fries', 4), ('Steak', 8), ('Chicken', 6), ('Burger', 2)]",834.0,-37.819464399999994,144.9452532,0,9.525,15.6518318,14:25:21
ORDI10774,2018-11-23,18:49:00,Dinner,NS,"[('Salmon', 6), ('Shrimp', 4)]",462.0,-37.8189685,144.98499840000002,1,8.975,14.977093400000001,18:49:00
ORDK03160,2018-04-27,11:43:05,Breakfast,BK,"[('Pancake', 6), ('Cereal', 9), ('Eggs', 8)]",515.0,-37.8134063,144.96490769999997,0,7.577000000000001,12.0638573,11:43:05
ORDZ00548,2018-05-26,12:43:56,Lunch,NS,"[('Burger', 4), ('Fries', 8), ('Steak', 3), ('Chicken', 5)]",515.0,-37.8040003,144.9585075,1,7.517,14.835062400000002,12:43:56
ORDY02412,2018-04-12,11:22:49,Breakfast,TP,"[('Coffee', 4), ('Pancake', 10)]",250.0,-37.8191531,144.96550980000004,0,7.407,10.3971703,11:22:49
ORDY08029,2018-06-29,13:54:55,Lunch,TP,"[('Fries', 6), ('Salad', 7), ('Steak', 6), ('Chicken', 8), ('Burger', 3)]",811.4,-37.8187388,144.970932,0,7.886,11.4321275,13:54:55
ORDZ08966,11-01-2018,08:20:16,Breakfast,NS,"[('Coffee', 7), ('Eggs', 5), ('Cereal', 9)]",362.75,-37.816630200000006,144.983921,1,8.728,6.783898700000001,08:20:16
ORDX03855,2018-06-21,13:34:38,Lunch,BK,"[('Steak', 3), ('Chicken', 9), ('Burger', 1)]",454.0,-37.8160234,144.9370723,0,10.042,15.9261976,13:34:38
ORDB01848,2018-11-21,18:38:52,Dinner,TP,"[('Salmon', 1), ('Fish&Chips', 4), ('Pasta', 7), ('Shrimp', 1)]",427.5,-37.808189399999996,144.97663480000003,0,9.287,13.5149918,18:38:52
ORDA01043,2018-03-31,10:52:23,Breakfast,BK,"[('Pancake', 10), ('Cereal', 6), ('Coffee', 10)]",421.0,-37.8035896,144.9387291,1,10.137,17.4167008,10:52:23
ORDZ03665,2018-03-24,10:42:15,Breakfast,NS,"[('Pancake', 5), ('Cereal', 10), ('Eggs', 4), ('Coffee', 7)]",469.5,-37.818580499999996,144.984077,0,8.948,16.6270993,10:42:15
ORDZ00700,2018-04-29,11:53:14,Breakfast,BK,"[('Eggs', 4), ('Coffee', 6)]",142.0,-37.815582299999996,144.9867456,0,8.871,16.016734500000002,11:53:14
ORDI00843,2018-05-22,12:33:48,Lunch,NS,"[('Steak', 2), ('Fries', 1), ('Burger', 7)]",319.0,-37.804139,144.95882780000002,0,7.497000000000001,12.976220800000002,12:33:48
ORDA03838,2018-04-10,11:12:40,Breakfast,BK,"[('Coffee', 1), ('Eggs', 7)]",177.25,-37.8193205,145.00225749999998,0,4.7219999999999995,9.8311299,11:12:40
ORDA09657,2018-09-11,16:27:02,Dinner,BK,"[('Salmon', 1), ('Shrimp', 3)]",203.0,-37.8081463,144.9689431,0,6.905,13.740098699999999,16:27:02
ORDB03078,2018-10-16,17:27:53,Dinner,TP,"[('Shrimp', 4), ('Salmon', 3)]",339.0,-37.823651700000006,144.996533,0,10.012,13.645495499999999,17:27:53
ORDJ09727,2018-03-08,10:11:49,Breakfast,TP,"[('Pancake', 8), ('Coffee', 4)]",206.0,-37.813465,144.96008510000001,0,8.402999999999999,11.5453142,10:11:49
ORDA01360,2018-02-16,09:31:16,Breakfast,BK,"[('Eggs', 9), ('Pancake', 10), ('Coffee', 7)]",490.75,-37.7997331,144.94602890000002,0,9.254,14.313526699999999,09:31:16
ORDY06128,2018-12-31,20:00:00,Dinner,TP,"[('Pasta', 7), ('Salmon', 6)]",438.5,-37.8043515,145.00041389999998,0,11.842,15.654458300000002,20:00:00
ORDK10045,2018-05-22,12:33:48,Lunch,BK,"[('Burger', 7), ('Salad', 9), ('Chicken', 8), ('Steak', 7), ('Fries', 8)]",1038.8,-37.80715670000001,144.9451185,0,9.242,15.662500099999999,12:33:48
ORDI05285,2018-04-28,11:53:14,Breakfast,NS,"[('Cereal', 3), ('Coffee', 2), ('Eggs', 4), ('Pancake', 4)]",263.0,-37.82250560000001,144.9692865,0,8.943,16.1219241,11:53:14
ORDY04277,06-01-2018,08:10:08,Breakfast,TP,"[('Cereal', 6), ('Coffee', 1), ('Pancake', 1), ('Eggs', 9)]",373.75,-37.809711799999995,144.97655480000003,1,9.141,6.9077724,08:10:08
ORDA04965,2018-05-11,12:13:31,Lunch,BK,"[('Chicken', 7), ('Salad', 4), ('Steak', 7), ('Burger', 5)]",762.8,-37.8263639,144.9518351,0,9.259,15.029751699999998,12:13:31
ORDY00433,2018-03-29,10:52:23,Breakfast,TP,"[('Pancake', 4), ('Cereal', 4), ('Coffee', 8)]",144.0,-37.8036711,144.97304630000002,0,9.809,12.6111346,10:52:23
ORDY03006,2018-09-20,16:37:10,Dinner,TP,"[('Shrimp', 10), ('Fish&Chips', 4), ('Pasta', 8), ('Salmon', 8)]",1228.0,-37.8242654,145.0149792,1,11.804,15.8463848,16:37:10
ORDY03999,2018-11-08,18:18:35,Dinner,TP,"[('Shrimp', 8), ('Fish&Chips', 7), ('Pasta', 3), ('Salmon', 1)]",800.5,-37.803262,145.0004241,0,11.725999999999999,15.0063951,18:18:35
ORDJ08526,2018-02-17,09:31:16,Breakfast,TP,"[('Pancake', 10), ('Eggs', 9)]",438.25,-37.8095845,144.9616905,0,8.596,12.5112472,09:31:16
ORDK01318,2018-08-16,15:26:11,Lunch,BK,"[('Chicken', 7), ('Fries', 2), ('Steak', 9), ('Burger', 1), ('Salad', 7)]",804.4,-37.8109494,145.00472340000002,0,3.713,9.385387,15:26:11
ORDK10530,2018-04-16,11:22:49,Breakfast,BK,"[('Eggs', 4), ('Pancake', 8), ('Cereal', 10), ('Coffee', 1)]",490.5,-37.8046406,144.94417130000002,0,9.129,14.3562315,11:22:49
ORDZ01395,2018-10-18,17:38:01,Dinner,NS,"[('Shrimp', 8), ('Pasta', 3), ('Salmon', 5), ('Fish&Chips', 10)]",1069.5,-37.8026088,144.95129440000002,0,8.057,13.9197174,17:38:01
ORDB07461,2018-11-17,18:38:52,Dinner,TP,"[('Salmon', 5), ('Pasta', 4)]",315.0,-37.79896110000001,144.96652219999999,0,10.032,14.945203400000002,18:38:52
ORDY05628,2018-01-18,08:30:25,Breakfast,TP,"[('Pancake', 8), ('Eggs', 9), ('Coffee', 3)]",416.75,-37.822575,144.9365815,0,9.872,6.2122269,08:30:25
ORDZ01825,2018-09-10,16:16:54,Dinner,NS,"[('Fish&Chips', 10), ('Shrimp', 7), ('Salmon', 6), ('Pasta', 6)]",1139.0,-37.820783,144.94864730000003,0,9.718,15.721643900000002,16:16:54
ORDJ00887,2018-03-19,10:32:06,Breakfast,TP,"[('Coffee', 2), ('Pancake', 7), ('Cereal', 1)]",190.0,-37.812515600000005,144.95686750000002,0,8.552,11.5916654,10:32:06
ORDC06656,2018-04-16,11:22:49,Breakfast,NS,"[('Cereal', 4), ('Eggs', 3), ('Coffee', 8), ('Pancake', 4)]",304.75,-37.810236200000006,144.968798,0,7.242000000000001,12.3431633,11:22:49
ORDC06971,2018-12-16,19:29:34,Dinner,NS,"[('Salmon', 10), ('Fish&Chips', 8), ('Pasta', 9)]",937.5,-37.8245206,144.9458166,0,10.372,18.306303200000002,19:29:34
ORDY00759,2018-06-10,13:14:21,Lunch,TP,"[('Burger', 3), ('Fries', 2), ('Salad', 10), ('Chicken', 4), ('Steak', 1)]",462.0,-37.814206799999994,144.9638208,0,8.037,12.757239199999999,13:14:21
ORDI07784,2018-05-17,12:23:39,Lunch,NS,"[('Burger', 5), ('Salad', 6), ('Chicken', 3), ('Fries', 6)]",426.2,-37.7989639,144.9517413,0,7.906000000000001,14.2539304,12:23:39
ORDB01624,2018-06-14,13:24:30,Lunch,TP,"[('Salad', 7), ('Burger', 10), ('Steak', 8), ('Chicken', 4)]",918.4,-37.809558100000004,144.9637601,0,7.906000000000001,11.8504709,13:24:30
ORDJ07718,2018-03-24,10:42:15,Breakfast,TP,"[('Coffee', 4), ('Pancake', 5)]",110.0,-37.818526500000004,144.98409980000002,0,9.109,13.373734599999999,10:42:15
ORDI05104,2018-09-05,16:06:45,Dinner,NS,"[('Shrimp', 9), ('Pasta', 7), ('Fish&Chips', 3)]",783.5,-37.816394700000004,144.9285102,0,10.526,16.4708348,16:06:45
ORDZ07413,2018-02-25,09:41:24,Breakfast,NS,"[('Eggs', 3), ('Cereal', 4)]",156.75,-37.8081488,144.975634,0,7.287000000000001,14.166307000000002,09:41:24
ORDI08162,2018-02-26,09:51:32,Breakfast,NS,"[('Pancake', 5), ('Cereal', 2), ('Eggs', 1), ('Coffee', 3)]",198.75,-37.814820399999995,144.9592124,1,5.692,10.0124013,09:51:32
ORDC00504,2018-08-12,15:26:11,Lunch,BK,"[('Fries', 6), ('Steak', 1)]",117.0,-37.8135849,144.964259,0,7.92,15.4442611,15:26:11
ORDA06397,2018-01-16,08:30:25,Breakfast,BK,"[('Cereal', 10), ('Coffee', 8)]",270.0,-37.8119424,144.94569330000002,1,9.302,7.1641033,08:30:25
ORDC09620,2018-01-22,08:40:33,Breakfast,NS,"[('Pancake', 8), ('Eggs', 8)]",370.0,-37.804117299999994,144.9479909,0,8.519,13.226367300000001,08:40:33
ORDA09724,2018-11-16,18:38:52,Dinner,BK,"[('Pasta', 8), ('Fish&Chips', 2), ('Shrimp', 3), ('Salmon', 6)]",698.0,-37.8119302,144.96211780000002,0,7.686,14.1998548,18:38:52
ORDJ06177,2018-09-13,16:27:02,Dinner,TP,"[('Salmon', 8), ('Pasta', 5), ('Fish&Chips', 3), ('Shrimp', 5)]",840.5,-37.807637,144.9426125,1,10.187999999999999,13.752626300000001,16:27:02
ORDA02396,2018-12-13,19:29:34,Dinner,BK,"[('Shrimp', 9), ('Salmon', 3), ('Pasta', 7), ('Fish&Chips', 5)]",976.5,-37.8150414,144.9917019,1,5.272,11.6138117,19:29:34
ORDB08479,2018-10-25,17:48:10,Dinner,TP,"[('Shrimp', 6), ('Pasta', 8), ('Fish&Chips', 3)]",649.0,-37.805481,144.9716576,0,9.521,13.679154500000001,17:48:10
ORDX10851,2018-05-02,11:53:14,Breakfast,BK,"[('Coffee', 5), ('Eggs', 6), ('Pancake', 10)]",403.0,-37.8097473,144.9727841,0,6.685,11.5636308,11:53:14
ORDK08522,2018-05-15,12:23:39,Lunch,BK,"[('Steak', 8), ('Fries', 9), ('Salad', 5), ('Chicken', 9)]",842.0,-37.82502879999999,144.95377130000003,0,9.225,15.217765,12:23:39
ORDJ08429,2018-08-03,15:05:54,Lunch,NS,"[('Salad', 1), ('Burger', 10)]",327.2,-37.8123722,144.9479386,0,10.327,13.5117467,15:05:54
ORDB04869,2018-07-24,14:45:38,Lunch,TP,"[('Chicken', 2), ('Salad', 7), ('Burger', 2)]",184.39999999999998,-37.8034867,144.94981930000003,0,9.917,13.4764736,14:45:38
ORDB09389,2018-09-03,16:06:45,Dinner,TP,"[('Shrimp', 8), ('Pasta', 7)]",624.5,-37.8149802,144.9354243,0,10.738,15.1850595,16:06:45
ORDB08483,2018-05-26,12:43:56,Lunch,TP,"[('Fries', 6), ('Salad', 8)]",137.6,-37.8250247,144.9494574,0,8.674,13.4894867,12:43:56
ORDX09158,2018-01-09,08:10:08,Breakfast,BK,"[('Eggs', 3), ('Cereal', 3)]",135.75,-37.821279600000004,145.00417190000002,1,4.76,4.9072304,08:10:08
ORDA08269,2018-05-30,12:54:05,Lunch,BK,"[('Chicken', 10), ('Fries', 7), ('Steak', 10), ('Salad', 8)]",991.6,-37.8043801,144.9297315,0,10.562000000000001,15.9448564,12:54:05
ORDK06227,2018-07-28,14:55:46,Lunch,BK,"[('Fries', 5), ('Steak', 3), ('Salad', 6), ('Burger', 7)]",515.2,-37.8149716,144.9606149,0,10.440999999999999,15.527386199999999,14:55:46
ORDB04898,2018-10-31,17:58:18,Dinner,NS,"[('Shrimp', 9), ('Pasta', 6), ('Fish&Chips', 7), ('Salmon', 1)]",937.0,-37.814529,144.94575940000001,0,9.522,13.4538405,17:58:18
ORDZ06942,2018-04-24,11:43:05,Breakfast,NS,"[('Cereal', 5), ('Coffee', 9)]",172.5,-37.8187446,144.9532257,0,9.23,13.6980082,11:43:05
ORDC11049,2018-11-08,18:18:35,Dinner,NS,"[('Salmon', 7), ('Fish&Chips', 2), ('Shrimp', 6), ('Pasta', 3)]",763.5,-37.8158152,144.96518590000002,0,8.201,14.317074,18:18:35
ORDJ01674,2018-04-29,11:53:14,Breakfast,TP,"[('Eggs', 10), ('Cereal', 3), ('Pancake', 7)]",459.5,-37.8105946,144.9832324,0,9.463,13.409522599999999,11:53:14
ORDY09304,2018-09-23,16:47:19,Dinner,TP,"[('Salmon', 8), ('Pasta', 6)]",493.0,-37.820262,144.9688492,0,7.6339999999999995,13.700622599999999,16:47:19
ORDK01488,2018-01-22,08:40:33,Breakfast,BK,"[('Pancake', 1), ('Cereal', 7), ('Eggs', 5), ('Coffee', 1)]",297.75,-37.8067779,144.97348190000002,0,6.626,11.8389865,08:40:33
ORDJ03509,2018-02-23,09:41:24,Breakfast,TP,"[('Pancake', 3), ('Cereal', 10)]",276.0,-37.8066267,144.9323806,0,10.984000000000002,13.3140105,09:41:24
ORDY07556,2018-08-01,14:55:46,Lunch,TP,"[('Salad', 9), ('Burger', 6)]",186.0,-37.8077061,144.94804219999997,0,9.709,13.1566633,14:55:46
ORDJ07302,2018-06-29,13:54:55,Lunch,TP,"[('Fries', 4), ('Chicken', 10), ('Burger', 1), ('Salad', 5)]",485.0,-37.8044169,144.9295844,0,11.274000000000001,13.928641699999998,13:54:55
ORDB09326,2018-04-27,11:53:14,Breakfast,TP,"[('Eggs', 3), ('Coffee', 10), ('Cereal', 1)]",168.75,-37.8233885,144.9680947,0,7.893,10.5321587,11:53:14
ORDC00187,2018-09-15,16:27:02,Dinner,NS,"[('Shrimp', 5), ('Pasta', 1), ('Fish&Chips', 9), ('Salmon', 6)]",858.5,-37.807413000000004,144.9429085,0,9.261000000000001,17.5805125,16:27:02
ORDB07797,2018-09-13,16:27:02,Dinner,TP,"[('Pasta', 7), ('Fish&Chips', 1)]",227.5,-37.804741799999995,145.0110667,0,12.642000000000001,15.9936438,16:27:02
ORDK05475,2018-06-01,12:54:05,Lunch,NS,"[('Fries', 10), ('Salad', 1), ('Burger', 9), ('Steak', 3), ('Chicken', 3)]",647.2,-37.820477399999994,144.9589368,0,8.264,14.346523399999999,12:54:05
ORDZ10638,2018-10-19,17:38:01,Dinner,NS,"[('Pasta', 8), ('Shrimp', 6), ('Salmon', 1)]",585.0,-37.8129622,144.9907104,0,8.951,14.125272699999998,17:38:01
ORDZ00318,2018-01-31,08:50:42,Breakfast,NS,"[('Pancake', 2), ('Eggs', 2), ('Coffee', 8)]",152.5,-37.8220494,144.96010890000002,0,10.325,15.3050198,08:50:42
ORDZ09676,2018-07-01,13:54:55,Lunch,NS,"[('Chicken', 2), ('Salad', 1), ('Steak', 3), ('Burger', 4)]",340.2,-37.8134589,144.96572869999997,0,7.837999999999999,14.8710922,13:54:55
ORDJ02380,2018-12-07,19:19:26,Dinner,TP,"[('Fish&Chips', 9), ('Pasta', 10), ('Shrimp', 1), ('Salmon', 4)]",808.0,-37.8183225,144.96057340000002,0,7.767,12.001394900000001,19:19:26
ORDA02334,2018-09-07,16:16:54,Dinner,BK,"[('Salmon', 7)]",0.0,-37.8204757,144.97680569999997,0,7.2170000000000005,14.189206299999999,16:16:54
ORDK00392,2018-09-05,16:06:45,Dinner,BK,"[('Shrimp', 1), ('Pasta', 6), ('Fish&Chips', 4)]",359.0,-37.816394700000004,144.9285102,0,11.593,19.2500224,16:06:45
ORDJ09052,2018-05-04,12:03:22,Lunch,TP,"[('Salad', 3), ('Steak', 1), ('Chicken', 2), ('Fries', 4), ('Burger', 8)]",456.6,-37.8110334,144.9635955,0,8.445,11.7455974,12:03:22
ORDY09204,2018-04-09,11:12:40,Breakfast,TP,"[('Eggs', 6)]",0.0,-37.811361100000006,144.9747146,0,8.876,11.3511618,11:12:40
ORDB10851,2018-03-06,10:01:41,Breakfast,TP,"[('Eggs', 9), ('Pancake', 10)]",438.25,-37.810522999999996,144.97605380000002,0,9.214,12.0312146,10:01:41
ORDA05377,2018-11-15,18:28:43,Dinner,TP,"[('Shrimp', 7), ('Salmon', 4)]",542.0,-37.819936600000005,144.9849822,0,6.294,13.1287798,18:28:43
ORDI08489,2018-03-01,09:51:32,Breakfast,NS,"[('Coffee', 10), ('Pancake', 10)]",295.0,-37.8178994,144.989793,0,9.264,14.5641541,09:51:32
ORDK00824,2018-01-09,08:10:08,Breakfast,BK,"[('Cereal', 7), ('Coffee', 5), ('Pancake', 1), ('Eggs', 6)]",352.0,-37.8099054,144.9705513,1,6.877000000000001,5.4108738,08:10:08
ORDA09790,2018-12-21,19:39:43,Dinner,BK,"[('Salmon', 6), ('Fish&Chips', 3), ('Shrimp', 10)]",891.0,-37.815005600000006,144.932818,0,10.955,18.1993313,19:39:43
ORDJ07138,2018-05-26,12:43:56,Lunch,TP,"[('Steak', 10), ('Chicken', 10), ('Salad', 5), ('Burger', 8)]",1104.0,-37.804105299999996,144.95855769999997,0,9.23,14.589246900000001,12:43:56
ORDZ04536,2018-04-04,11:02:32,Breakfast,NS,"[('Cereal', 4), ('Pancake', 5), ('Coffee', 6)]",239.0,-37.7991571,144.98622609999998,0,6.675,12.6823851,11:02:32
ORDK02566,2018-03-21,10:32:06,Breakfast,BK,"[('Cereal', 4), ('Pancake', 10)]",304.0,-37.816821399999995,144.96170580000003,0,7.985,12.9264671,10:32:06
ORDI03221,2018-08-07,15:16:03,Lunch,NS,"[('Salad', 9), ('Burger', 8), ('Chicken', 4), ('Steak', 8), ('Fries', 7)]",974.8,-37.8148844,144.93768269999998,0,9.845,15.2978488,15:16:03
ORDC10761,2018-10-05,17:07:36,Dinner,NS,"[('Pasta', 7), ('Shrimp', 3), ('Fish&Chips', 9), ('Salmon', 7)]",956.5,-37.8082148,144.96871380000002,0,9.718,13.170562099999998,17:07:36
ORDX10420,2018-05-01,11:53:14,Breakfast,BK,"[('Pancake', 8), ('Cereal', 7)]",323.0,-37.809082000000004,144.95171159999998,0,8.568999999999999,13.9401906,11:53:14
ORDC09993,2018-12-22,19:49:51,Dinner,NS,"[('Shrimp', 6), ('Fish&Chips', 5), ('Pasta', 10), ('Salmon', 6)]",1020.0,-37.817842799999994,144.9469395,0,9.475,17.3341497,19:49:51
ORDI04262,2018-03-08,10:11:49,Breakfast,NS,"[('Coffee', 1), ('Eggs', 5), ('Cereal', 9), ('Pancake', 4)]",405.75,-37.825542999999996,144.94762969999996,0,10.244000000000002,14.9058166,10:11:49
ORDJ00167,2018-08-11,15:16:03,Lunch,TP,"[('Burger', 9), ('Salad', 4), ('Steak', 1), ('Chicken', 5)]",552.8,-37.8058242,144.93668689999998,0,10.628,15.0864395,15:16:03
ORDA05544,2018-08-19,15:36:20,Lunch,BK,"[('Salad', 2), ('Chicken', 3), ('Steak', 8)]",490.4,-37.8151881,144.96031619999997,0,8.013,16.4403929,15:36:20
ORDK07091,2018-09-16,16:37:10,Dinner,BK,"[('Fish&Chips', 9), ('Salmon', 8)]",643.0,-37.813532,144.9410007,0,9.606,19.352892699999998,16:37:10
ORDA06837,2018-05-13,12:23:39,Lunch,BK,"[('Salad', 4), ('Burger', 3), ('Chicken', 5)]",321.8,-37.8041954,144.9602261,0,7.837000000000001,16.9729855,12:23:39
ORDI09548,2018-01-10,08:10:08,Breakfast,NS,"[('Cereal', 10), ('Coffee', 8), ('Eggs', 7)]",439.75,-37.8031312,144.929427,1,10.07,7.4410814,08:10:08
ORDK09807,2018-10-01,16:57:27,Dinner,BK,"[('Fish&Chips', 8), ('Pasta', 4), ('Shrimp', 9)]",876.0,-37.8118185,144.97518159999998,0,6.664,13.585251199999998,16:57:27
ORDC04831,2018-12-23,19:49:51,Dinner,NS,"[('Shrimp', 1), ('Fish&Chips', 3), ('Pasta', 1), ('Salmon', 9)]",555.5,-37.8213505,144.96957859999998,0,8.752,16.507731200000002,19:49:51
ORDJ00043,2018-09-07,16:16:54,Dinner,TP,"[('Fish&Chips', 9), ('Pasta', 8)]",535.0,-37.81989,144.97692780000003,0,8.498,12.9804087,16:16:54
ORDI09962,2018-03-24,10:42:15,Breakfast,NS,"[('Eggs', 6), ('Pancake', 1), ('Coffee', 4), ('Cereal', 8)]",365.5,-37.81889520000001,144.981781,0,8.828,16.2598962,10:42:15
ORDJ10096,2018-01-02,08:00:00,Breakfast,TP,"[('Eggs', 3)]",0.0,-37.8199185,144.9468542,1,9.133,5.8617235,08:00:00
ORDZ09314,2018-05-23,12:43:56,Lunch,NS,"[('Fries', 7), ('Salad', 9), ('Chicken', 3), ('Steak', 2)]",424.79999999999995,-37.814960799999994,144.9862468,0,9.255,14.417361900000001,12:43:56
ORDY10650,2018-04-09,11:12:40,Breakfast,TP,"[('Pancake', 2), ('Eggs', 8), ('Cereal', 2)]",280.0,-37.8024309,144.94363930000003,0,10.402999999999999,12.5670265,11:12:40
ORDJ04544,2018-07-18,14:35:29,Lunch,TP,"[('Steak', 5), ('Chicken', 7)]",449.0,-37.80692979999999,144.965933,1,9.088,12.2859589,14:35:29
ORDI02240,2018-11-30,18:59:09,Dinner,TP,"[('Shrimp', 9), ('Fish&Chips', 2)]",556.0,-37.8026132,145.0024608,0,9.437000000000001,15.6198085,18:59:09
ORDI00923,2018-12-14,19:29:34,Dinner,NS,"[('Pasta', 2), ('Salmon', 3)]",178.0,-37.8172419,144.93174,1,9.462,15.647089300000001,19:29:34
ORDX02007,2018-10-21,17:38:01,Dinner,BK,"[('Fish&Chips', 10), ('Salmon', 3)]",473.0,-37.81891160000001,144.9927827,0,5.521,14.897816800000001,17:38:01
ORDC08847,2018-10-10,17:17:44,Dinner,NS,"[('Pasta', 3), ('Shrimp', 7)]",460.5,-37.8123896,144.9537134,0,8.55,15.120963099999999,17:17:44
ORDJ03257,2018-07-08,14:15:12,Lunch,TP,"[('Burger', 7), ('Steak', 1), ('Chicken', 4)]",390.0,-37.813573299999995,144.9502382,0,9.175,14.3804399,14:15:12
ORDA08290,2018-07-01,13:54:55,Lunch,BK,"[('Fries', 6), ('Burger', 8), ('Chicken', 4), ('Steak', 2)]",538.0,-37.8073409,144.9364254,0,10.091000000000001,18.5570223,13:54:55
ORDX01060,2018-11-15,18:28:43,Dinner,NS,"[('Salmon', 9), ('Shrimp', 7), ('Pasta', 4), ('Fish&Chips', 3)]",962.0,-37.8012256,144.9531925,0,8.533999999999999,15.513443099999998,18:28:43
ORDB08200,2018-09-25,16:47:19,Dinner,TP,"[('Fish&Chips', 2), ('Pasta', 4)]",180.0,-37.820326,144.950964,0,8.674,12.8454554,16:47:19
ORDA08779,2018-05-08,12:13:31,Lunch,BK,"[('Chicken', 5), ('Salad', 7), ('Steak', 1), ('Burger', 9)]",604.4,-37.8010769,144.9697417,0,7.5,13.490640099999998,12:13:31
ORDB02353,2018-10-25,17:48:10,Dinner,TP,"[('Shrimp', 7), ('Fish&Chips', 3)]",483.0,-37.8204902,144.9661112,0,7.414,11.302896,17:48:10
ORDK11052,2018-06-06,13:04:13,Lunch,BK,"[('Burger', 4), ('Steak', 9), ('Fries', 5)]",589.0,-37.8034206,144.9491175,1,8.906,14.9463563,13:04:13
ORDK08627,2018-03-29,10:52:23,Breakfast,BK,"[('Pancake', 8), ('Eggs', 5), ('Cereal', 4)]",381.25,-37.8018895,144.9572637,1,8.187999999999999,12.864109599999999,10:52:23
ORDK01764,2018-07-04,14:05:04,Lunch,BK,"[('Steak', 6), ('Burger', 1), ('Salad', 4)]",369.8,-37.8097474,144.96390449999998,0,7.397,13.1877976,14:05:04
ORDJ07826,2018-01-10,08:10:08,Breakfast,TP,"[('Pancake', 6), ('Eggs', 9), ('Cereal', 6)]",476.25,-37.8030115,144.92950580000002,1,11.398,6.7948515,08:10:08
ORDZ08941,2018-03-31,10:52:23,Breakfast,NS,"[('Cereal', 4), ('Eggs', 6), ('Coffee', 3), ('Pancake', 1)]",274.0,-37.8171905,144.9645271,0,8.391,15.172407000000002,10:52:23
ORDK09845,2018-02-18,09:31:16,Breakfast,BK,"[('Cereal', 6), ('Pancake', 1), ('Coffee', 10), ('Eggs', 7)]",392.75,-37.8098076,144.96178830000002,0,7.646,14.9082372,09:31:16
ORDY00523,2018-02-12,09:21:07,Breakfast,TP,"[('Coffee', 6), ('Eggs', 7)]",214.75,-37.8140499,144.9716334,0,8.443,10.8946864,09:21:07
ORDK00630,2018-05-27,12:43:56,Lunch,BK,"[('Burger', 3), ('Fries', 2), ('Chicken', 4), ('Steak', 4)]",245.0,-37.8170561,144.94909019999997,0,9.155,17.203629100000004,12:43:56
ORDX08432,2018-10-19,17:38:01,Dinner,BK,"[('Pasta', 5), ('Salmon', 10), ('Fish&Chips', 2)]",617.5,-37.8184925,144.9670821,0,7.5729999999999995,14.401667100000001,17:38:01
ORDZ05727,2018-07-10,14:15:12,Lunch,NS,"[('Chicken', 7), ('Burger', 10), ('Steak', 6), ('Fries', 5), ('Salad', 4)]",932.8,-37.8234082,144.9814655,0,11.212,14.5047361,14:15:12
ORDC08063,2018-11-13,18:28:43,Dinner,NS,"[('Pasta', 10), ('Fish&Chips', 1)]",35.0,-37.820673799999994,144.94173600000002,0,10.308,16.5993402,18:28:43
ORDX04154,2018-07-13,14:25:21,Lunch,BK,"[('Steak', 3), ('Burger', 3), ('Salad', 8)]",365.6,-37.81632329999999,145.00858080000003,0,3.846,9.3515442,14:25:21
ORDY07799,2018-08-22,15:36:20,Lunch,TP,"[('Salad', 1), ('Fries', 10), ('Steak', 3)]",272.2,-37.8052843,144.9859229,0,10.227,13.442222400000002,15:36:20
ORDB09463,2018-11-24,18:49:00,Dinner,TP,"[('Fish&Chips', 8), ('Shrimp', 3)]",442.0,-37.8256878,144.99790009999998,0,10.027000000000001,15.715420300000002,18:49:00
ORDC10892,2018-05-17,12:23:39,Lunch,TP,"[('Chicken', 1), ('Burger', 5), ('Fries', 2), ('Salad', 6)]",314.2,-37.8125165,144.9651979,0,7.726,13.5395006,12:23:39
ORDC05697,2018-09-25,16:47:19,Dinner,NS,"[('Pasta', 2), ('Fish&Chips', 6)]",265.0,-37.820326,144.950964,0,9.54,15.620802900000001,16:47:19
ORDK01071,2018-01-25,08:40:33,Breakfast,BK,"[('Pancake', 1), ('Eggs', 5), ('Coffee', 4), ('Cereal', 7)]",320.25,-37.8132588,144.9626345,0,7.707000000000001,12.2888316,08:40:33
ORDX07493,2018-11-21,18:49:00,Dinner,BK,"[('Pasta', 8), ('Fish&Chips', 8)]",500.0,-37.820545700000004,144.9485554,0,9.222999999999999,16.6589729,18:49:00
ORDX09943,2018-01-12,08:20:16,Breakfast,BK,"[('Coffee', 2), ('Eggs', 7)]",184.75,-37.8093102,144.9721699,1,6.709,5.6294303,08:20:16
ORDX09058,2018-03-30,10:52:23,Breakfast,BK,"[('Cereal', 6), ('Eggs', 4), ('Coffee', 5), ('Pancake', 8)]",436.5,-37.8103024,144.9612727,0,7.627000000000001,12.8262695,10:52:23
ORDA09815,2018-12-11,19:19:26,Dinner,BK,"[('Pasta', 6), ('Shrimp', 4)]",381.0,-37.8206998,144.9488941,0,9.193999999999999,16.2499062,19:19:26
ORDJ08988,2018-11-07,18:18:35,Dinner,TP,"[('Shrimp', 10)]",0.0,-37.8102148,144.9614603,0,8.492,12.8396594,18:18:35
ORDZ10166,2018-12-09,19:19:26,Dinner,BK,"[('Pasta', 8), ('Fish&Chips', 9)]",535.0,-37.8180536,144.96622380000002,0,8.479,16.1544079,19:19:26
ORDX01829,2018-10-11,17:17:44,Dinner,BK,"[('Shrimp', 4), ('Salmon', 9), ('Fish&Chips', 5), ('Pasta', 7)]",952.5,-37.812095299999996,144.9534154,0,8.426,14.651612900000002,17:17:44
ORDY09838,2018-07-22,14:35:29,Lunch,TP,"[('Salad', 7), ('Chicken', 9), ('Steak', 4), ('Fries', 10)]",708.4,-37.807263899999995,144.968907,1,9.19,14.4424861,14:35:29
ORDA02983,2018-03-30,10:52:23,Breakfast,BK,"[('Pancake', 10), ('Coffee', 8)]",280.0,-37.8161408,144.9640636,0,7.76,12.6422886,10:52:23
ORDJ10176,2018-02-25,09:41:24,Breakfast,TP,"[('Coffee', 1), ('Cereal', 10)]",217.5,-37.809436600000005,144.97276680000002,0,9.078,13.524027100000001,09:41:24
ORDZ08399,2018-12-26,19:49:51,Dinner,NS,"[('Fish&Chips', 6), ('Shrimp', 4), ('Salmon', 2)]",508.0,-37.8042708,145.01116059999998,0,10.127,15.8988477,19:49:51
ORDC08013,2018-04-04,11:02:32,Breakfast,NS,"[('Eggs', 6), ('Coffee', 2)]",160.5,-37.8131542,144.9477855,0,9.991,15.3388114,11:02:32
ORDA03968,2018-09-01,16:06:45,Dinner,BK,"[('Pasta', 5), ('Salmon', 5), ('Shrimp', 1)]",396.5,-37.817035700000005,144.95362340000003,0,8.63,18.3237981,16:06:45
ORDB01141,2018-09-19,16:37:10,Dinner,TP,"[('Pasta', 5), ('Fish&Chips', 2), ('Shrimp', 1), ('Salmon', 7)]",548.5,-37.8071215,144.957849,0,9.171,13.581095300000001,16:37:10
ORDC09459,2018-02-19,09:31:16,Breakfast,NS,"[('Pancake', 7), ('Cereal', 7), ('Coffee', 5)]",338.5,-37.8031525,144.9357431,0,9.457,15.519946599999999,09:31:16
ORDY03286,2018-03-07,10:01:41,Breakfast,TP,"[('Pancake', 9), ('Coffee', 9), ('Cereal', 8)]",433.5,-37.819139899999996,144.9848481,0,9.23,11.3186669,10:01:41
ORDB00903,2018-08-26,15:46:28,Lunch,TP,"[('Chicken', 6), ('Steak', 4), ('Salad', 8), ('Fries', 1)]",521.6,-37.811856299999995,144.9667764,0,8.498,13.1808631,15:46:28
ORDA03939,2018-09-10,16:16:54,Dinner,BK,"[('Shrimp', 6), ('Salmon', 1)]",365.0,-37.814795700000005,144.9448989,0,9.175,15.746553599999999,16:16:54
ORDK07832,2018-12-22,19:49:51,Dinner,BK,"[('Salmon', 8), ('Shrimp', 1), ('Fish&Chips', 9)]",697.0,-37.818414399999995,144.9473841,0,9.265,18.8775288,19:49:51
ORDA04347,2018-08-05,15:05:54,Lunch,BK,"[('Fries', 6), ('Burger', 3)]",165.0,-37.815000700000006,144.952358,0,7.0729999999999995,16.820012300000002,15:05:54
ORDJ08583,12-05-2018,12:13:31,Lunch,TP,"[('Burger', 1), ('Salad', 7)]",151.39999999999998,-37.799655200000004,144.93712419999997,0,11.699000000000002,15.798577900000002,12:13:31
ORDZ07079,2018-10-10,17:17:44,Dinner,NS,"[('Salmon', 5), ('Fish&Chips', 10)]",555.0,-37.812039399999996,144.9530474,0,8.469,14.4536033,17:17:44
ORDX10319,2018-06-27,13:54:55,Lunch,BK,"[('Burger', 8), ('Steak', 1), ('Fries', 7)]",377.0,-37.8249626,144.98487849999998,0,6.867999999999999,12.756302699999999,13:54:55
ORDB01650,2018-12-09,19:19:26,Dinner,TP,"[('Shrimp', 10), ('Salmon', 2), ('Fish&Chips', 3)]",727.0,-37.8224787,144.93997819999998,0,9.546,14.6764721,19:19:26
ORDK05518,2018-08-02,15:05:54,Lunch,TP,"[('Burger', 6), ('Fries', 1), ('Salad', 1)]",215.2,-37.7995127,144.96288619999999,0,8.149,13.8182984,15:05:54
ORDK05590,2018-12-23,19:49:51,Dinner,BK,"[('Pasta', 3), ('Fish&Chips', 8), ('Salmon', 1), ('Shrimp', 4)]",619.5,-37.8194991,145.0042315,0,4.633,13.667319400000002,19:49:51
ORDY03363,2018-09-26,16:57:27,Dinner,TP,"[('Pasta', 6), ('Salmon', 2), ('Shrimp', 1)]",301.0,-37.8161903,144.9982212,0,9.947000000000001,14.667777599999999,16:57:27
ORDZ05382,2018-01-02,08:00:00,Breakfast,NS,"[('Cereal', 6), ('Eggs', 5)]",247.25,-37.827166399999996,144.99411519999998,1,10.093,7.2126717000000005,08:00:00
ORDX05071,2018-05-03,12:03:22,Lunch,BK,"[('Salad', 8), ('Fries', 8)]",233.6,-37.8058271,144.9594536,0,7.781000000000001,13.841863199999999,12:03:22
ORDB01560,2018-10-23,17:48:10,Dinner,TP,"[('Pasta', 5), ('Salmon', 7), ('Fish&Chips', 4), ('Shrimp', 10)]",1104.5,-37.8197255,144.97032980000003,0,7.771,11.9283578,17:48:10
ORDJ00632,2018-05-06,12:03:22,Lunch,TP,"[('Steak', 9), ('Chicken', 10), ('Burger', 5), ('Salad', 1)]",897.2,-37.800691799999996,144.98399640000002,0,10.595999999999998,15.4743565,12:03:22
ORDX04598,2018-02-18,09:31:16,Breakfast,BK,"[('Cereal', 2), ('Eggs', 8), ('Pancake', 7), ('Coffee', 4)]",420.0,-37.808145399999994,144.9435405,0,9.384,16.6553393,09:31:16
ORDY03299,2018-01-18,08:30:25,Breakfast,TP,"[('Pancake', 5), ('Cereal', 1), ('Eggs', 3)]",203.75,-37.799821,144.9630497,1,9.809,6.1283465999999995,08:30:25
ORDZ01072,2018-01-28,08:50:42,Breakfast,NS,"[('Coffee', 10), ('Eggs', 6), ('Cereal', 8), ('Pancake', 4)]",476.5,-37.798849600000004,144.9623625,0,6.975,13.423652599999999,08:50:42
ORDI05219,2018-12-05,19:09:17,Dinner,NS,"[('Fish&Chips', 8), ('Pasta', 2)]",335.0,-37.8191049,144.9539738,0,9.206,15.4580798,19:09:17
ORDK02762,2018-08-25,15:46:28,Lunch,TP,"[('Burger', 3), ('Fries', 7), ('Chicken', 5)]",337.0,-37.818120799999996,144.9693491,0,7.607,15.533897400000003,15:46:28
ORDK08315,03-09-2018,16:06:45,Dinner,BK,"[('Fish&Chips', 6), ('Pasta', 10), ('Salmon', 6), ('Shrimp', 9)]",1217.0,-37.8015275,144.95814909999999,0,8.345,15.263999400000001,16:06:45
ORDA03040,2018-06-05,13:04:13,Lunch,BK,"[('Fries', 1), ('Chicken', 8), ('Steak', 5), ('Salad', 1), ('Burger', 3)]",603.2,-37.8041336,144.9442617,1,9.171,15.353148800000001,13:04:13
ORDZ06549,2018-05-21,12:33:48,Lunch,NS,"[('Steak', 1), ('Chicken', 7), ('Fries', 7), ('Salad', 3)]",404.6,-37.8173946,144.9654864,0,8.411,13.491257999999998,12:33:48
ORDB01104,2018-04-20,11:32:57,Breakfast,TP,"[('Eggs', 6), ('Cereal', 1), ('Pancake', 7), ('Coffee', 8)]",380.5,-37.817526799999996,144.96855290000002,0,8.023,10.454471400000001,11:32:57
ORDI01987,2018-04-19,11:32:57,Breakfast,NS,"[('Cereal', 8), ('Pancake', 10), ('Eggs', 7), ('Coffee', 5)]",595.25,-37.8075589,144.9498873,0,8.587,13.405280800000002,11:32:57
ORDX03375,2018-03-19,10:32:06,Breakfast,BK,"[('Cereal', 6), ('Coffee', 4), ('Pancake', 9), ('Eggs', 4)]",451.0,-37.8192441,144.9330365,0,10.716,15.112455800000001,10:32:06
ORDC00253,2018-02-03,09:00:50,Breakfast,NS,"[('Coffee', 9), ('Eggs', 5), ('Cereal', 4), ('Pancake', 5)]",382.75,-37.82303889999999,144.99124419999998,0,9.748,17.0742093,09:00:50
ORDZ07044,2018-06-23,13:44:47,Lunch,NS,"[('Steak', 4), ('Burger', 9), ('Salad', 8), ('Chicken', 1), ('Fries', 9)]",736.6,-37.799398499999995,144.99978049999999,0,9.041,16.2800107,13:44:47
ORDX06111,2018-10-29,17:58:18,Dinner,BK,"[('Shrimp', 1), ('Fish&Chips', 6)]",264.0,-37.8210302,144.9671486,0,7.8839999999999995,14.4843533,17:58:18
ORDX05615,2018-01-01,08:00:00,Breakfast,BK,"[('Eggs', 6), ('Coffee', 5)]",183.0,-37.8025734,144.9722269,1,7.176,5.6438440000000005,08:00:00
ORDY08129,2018-11-07,18:18:35,Dinner,TP,"[('Pasta', 5), ('Fish&Chips', 6), ('Shrimp', 8), ('Salmon', 6)]",1025.5,-37.8141653,144.9632906,0,8.014,12.109568699999999,18:18:35
ORDI07696,2018-08-08,15:16:03,Lunch,NS,"[('Salad', 8), ('Fries', 9), ('Chicken', 2), ('Burger', 3), ('Steak', 6)]",672.6,-37.8010339,144.9631536,0,6.955,12.672369999999999,15:16:03
ORDZ07365,2018-01-13,08:20:16,Breakfast,NS,"[('Eggs', 3), ('Cereal', 10), ('Coffee', 3)]",305.25,-37.8181006,144.9668932,1,8.419,7.1927436,08:20:16
ORDI04959,2018-08-18,15:36:20,Lunch,NS,"[('Chicken', 10), ('Fries', 6), ('Burger', 2)]",454.0,-37.809164200000005,144.9691215,0,7.0729999999999995,14.282153899999999,15:36:20
ORDY07154,2018-08-05,15:05:54,Lunch,NS,"[('Salad', 5), ('Fries', 9)]",194.0,-37.8132768,144.95150800000002,0,9.057,13.351512699999997,15:05:54
ORDC01238,04-12-2018,19:09:17,Dinner,NS,"[('Pasta', 9), ('Fish&Chips', 2)]",317.5,-37.8137954,144.9827158,0,8.379,14.474587900000001,19:09:17
ORDX08651,2018-08-26,15:46:28,Lunch,BK,"[('Steak', 9), ('Burger', 2), ('Salad', 1)]",484.2,-37.824757399999996,144.989452,0,6.386,15.132656400000002,15:46:28
ORDZ07810,2018-10-20,17:38:01,Dinner,NS,"[('Fish&Chips', 7), ('Pasta', 10)]",520.0,-37.815577399999995,144.9823836,0,7.7989999999999995,16.165437,17:38:01
ORDJ01790,2018-08-12,15:26:11,Lunch,TP,"[('Salad', 5), ('Fries', 7)]",170.0,-37.813350799999995,144.96510959999998,0,8.229,13.811229699999998,15:26:11
ORDY00942,2018-09-11,16:16:54,Dinner,TP,"[('Shrimp', 6), ('Salmon', 8), ('Fish&Chips', 8), ('Pasta', 1)]",959.5,-37.8087718,144.9661834,0,9.437000000000001,12.9368244,16:16:54
ORDJ08787,2018-08-16,15:26:11,Lunch,TP,"[('Burger', 3), ('Steak', 1), ('Salad', 9)]",292.79999999999995,-37.8175499,144.9554956,0,8.357000000000001,11.8033907,15:26:11
ORDC07429,2018-07-12,14:25:21,Lunch,NS,"[('Chicken', 10), ('Burger', 7), ('Salad', 1), ('Steak', 10), ('Fries', 1)]",1016.2,-37.7998537,144.9762149,0,6.715,12.2608997,14:25:21
ORDK01563,2018-06-08,13:14:21,Lunch,BK,"[('Fries', 2), ('Burger', 10), ('Steak', 2), ('Salad', 8)]",561.6,-37.804076,144.9492423,0,8.8,14.8111437,13:14:21
ORDX10914,2018-04-26,11:43:05,Breakfast,BK,"[('Pancake', 5), ('Coffee', 9), ('Eggs', 2), ('Cereal', 9)]",415.0,-37.803559899999996,144.9764865,0,6.752000000000001,11.8006251,11:43:05
ORDI06235,02-10-2018,17:07:36,Dinner,NS,"[('Shrimp', 8), ('Pasta', 4), ('Salmon', 4), ('Fish&Chips', 2)]",776.0,-37.8055935,144.9835296,0,7.778,13.3597992,17:07:36
ORDI02918,2018-11-20,18:38:52,Dinner,NS,"[('Shrimp', 7), ('Fish&Chips', 1)]",413.0,-37.8192266,145.01474240000002,0,11.538,17.8903515,18:38:52
ORDZ11038,2018-12-16,19:29:34,Dinner,NS,"[('Shrimp', 3), ('Fish&Chips', 3), ('Salmon', 9)]",636.0,-37.81451129999999,144.9383584,1,9.776,17.3894512,19:29:34
ORDC03733,2018-12-09,19:19:26,Dinner,NS,"[('Fish&Chips', 2), ('Pasta', 4), ('Shrimp', 1)]",234.0,-37.8196616,144.9907291,1,9.53,17.2567945,19:19:26
ORDJ10942,2018-12-27,20:00:00,Dinner,TP,"[('Fish&Chips', 3), ('Salmon', 7), ('Shrimp', 1), ('Pasta', 9)]",693.5,-37.8200529,144.94279730000002,0,9.457,13.373862400000002,20:00:00
ORDK03519,12-12-2018,19:29:34,Dinner,BK,"[('Pasta', 5), ('Fish&Chips', 2), ('Shrimp', 3), ('Salmon', 6)]",615.5,-37.814514200000005,144.9659007,0,7.667000000000001,14.338845300000001,19:29:34
ORDX00606,2018-12-26,20:00:00,Dinner,BK,"[('Shrimp', 8), ('Fish&Chips', 7)]",677.0,-37.8156406,144.9581999,0,5.252999999999999,15.313906099999999,20:00:00
ORDX08230,2018-07-25,14:45:38,Lunch,BK,"[('Fries', 9)]",108.0,-37.811736200000006,144.95632690000002,0,8.092,13.7701237,14:45:38
ORDY01627,2018-09-08,16:16:54,Dinner,TP,"[('Shrimp', 10), ('Salmon', 2)]",622.0,-37.8209791,144.9765768,0,8.575,14.751207199999998,16:16:54
ORDA01194,2018-09-07,16:16:54,Dinner,BK,"[('Pasta', 10), ('Salmon', 3), ('Fish&Chips', 5), ('Shrimp', 3)]",735.0,-37.821678000000006,144.97793240000001,0,7.146,13.931398999999999,16:16:54
ORDZ00913,2018-06-16,13:24:30,Lunch,NS,"[('Burger', 5), ('Steak', 9), ('Chicken', 8)]",816.0,-37.808716499999996,144.95371619999997,0,4.837,11.897101600000001,13:24:30
ORDK10146,2018-01-22,08:40:33,Breakfast,BK,"[('Cereal', 10), ('Eggs', 5)]",331.25,-37.8054152,144.929605,0,5.678999999999999,15.16513,08:40:33
ORDY03521,2018-11-29,18:59:09,Dinner,TP,"[('Pasta', 1), ('Fish&Chips', 8)]",307.5,-37.8127226,145.014345,0,12.370999999999999,16.1907514,18:59:09
ORDC02287,2018-01-25,08:40:33,Breakfast,NS,"[('Coffee', 2), ('Eggs', 4), ('Pancake', 6), ('Cereal', 8)]",412.0,-37.8132588,144.9626345,0,7.971,13.107192,08:40:33
ORDX07028,2018-03-13,10:21:58,Breakfast,BK,"[('Coffee', 6), ('Cereal', 9)]",234.0,-37.821922,144.97379850000002,0,8.597000000000001,12.193742199999999,10:21:58
ORDZ04922,2018-04-15,11:22:49,Breakfast,NS,"[('Pancake', 3), ('Cereal', 8)]",234.0,-37.814057700000006,145.01112369999998,0,10.802999999999999,18.302452600000002,11:22:49
ORDC05020,2018-03-06,10:01:41,Breakfast,NS,"[('Coffee', 7), ('Cereal', 7)]",199.5,-37.8133498,144.95150769999998,0,8.592,13.699620000000001,10:01:41
ORDZ08893,2018-03-13,10:21:58,Breakfast,BK,"[('Coffee', 7), ('Pancake', 8), ('Eggs', 7)]",398.25,-37.825274900000004,144.9817565,0,9.546,14.703860800000001,10:21:58
ORDC06048,2018-05-21,12:33:48,Lunch,NS,"[('Fries', 2), ('Chicken', 9), ('Burger', 4)]",436.0,-37.8239933,144.9538906,1,9.811,15.2862342,12:33:48
ORDC08047,2018-03-23,10:42:15,Breakfast,NS,"[('Pancake', 2), ('Eggs', 5)]",165.25,-37.8209822,144.9845129,0,9.244,13.6716786,10:42:15
ORDX07101,06-05-2018,12:03:22,Lunch,BK,"[('Burger', 7), ('Salad', 2), ('Steak', 7), ('Chicken', 8)]",822.4,-37.816780200000004,144.96593700000003,0,7.565,16.098715300000002,12:03:22
ORDI01696,2018-07-03,14:05:04,Lunch,NS,"[('Fries', 8), ('Chicken', 3)]",192.0,-37.807562,144.963042,0,7.372000000000001,13.826128500000001,14:05:04
ORDX00433,2018-08-11,15:16:03,Lunch,BK,"[('Salad', 9), ('Chicken', 10), ('Fries', 8), ('Burger', 10)]",880.8,-37.818087299999995,144.9523156,0,9.756,18.3064001,15:16:03
ORDJ07930,2018-01-17,08:30:25,Breakfast,TP,"[('Coffee', 7), ('Eggs', 2), ('Pancake', 5), ('Cereal', 1)]",232.0,-37.808776200000004,145.0086454,1,12.033,7.4139531000000005,08:30:25
ORDC01056,2018-03-15,10:21:58,Breakfast,NS,"[('Cereal', 9), ('Pancake', 2), ('Eggs', 2)]",281.5,-37.8160154,144.9851741,0,8.799,14.084830300000002,10:21:58
ORDX07839,06-08-2018,15:05:54,Lunch,BK,"[('Fries', 5), ('Salad', 5)]",146.0,-37.812084999999996,144.9884869,0,5.3629999999999995,11.540256699999999,15:05:54
ORDZ08873,2018-05-22,12:33:48,Lunch,NS,"[('Steak', 6), ('Fries', 1), ('Chicken', 6), ('Burger', 7), ('Salad', 9)]",845.8,-37.806894,144.94503,0,9.113999999999999,14.340158800000001,12:33:48
ORDB09085,2018-11-20,18:38:52,Dinner,TP,"[('Fish&Chips', 1), ('Shrimp', 8)]",467.0,-37.8106893,144.95584419999997,0,8.783999999999999,12.4696246,18:38:52
ORDJ10208,2018-11-01,18:08:27,Dinner,TP,"[('Shrimp', 7), ('Salmon', 10), ('Pasta', 3)]",870.5,-37.8216927,144.98987409999998,0,9.52,13.7159971,18:08:27
ORDZ00770,2018-02-11,09:21:07,Breakfast,NS,"[('Pancake', 10)]",220.0,-37.8161349,144.9722399,0,7.914,14.904684900000001,09:21:07
ORDA03858,2018-11-27,18:59:09,Dinner,BK,"[('Salmon', 9), ('Fish&Chips', 6)]",579.0,-37.8162309,144.9451079,1,9.3,15.8921135,18:59:09
ORDB07132,2018-09-06,16:06:45,Dinner,TP,"[('Shrimp', 2), ('Pasta', 4), ('Salmon', 3), ('Fish&Chips', 8)]",621.0,-37.8167361,144.92739519999998,0,11.421,15.377286400000001,16:06:45
ORDC07852,2018-03-21,10:32:06,Breakfast,BK,"[('Cereal', 3), ('Pancake', 6), ('Coffee', 9), ('Eggs', 3)]",335.25,-37.816821399999995,144.96170580000003,0,8.487,13.1720253,10:32:06
ORDX10938,2018-05-27,12:43:56,Lunch,BK,"[('Steak', 2), ('Chicken', 3), ('Salad', 6), ('Fries', 10)]",409.2,-37.8166969,145.0142424,0,4.658,13.304349800000002,12:43:56
ORDK05080,2018-10-15,17:27:53,Dinner,BK,"[('Pasta', 5), ('Fish&Chips', 4), ('Salmon', 6), ('Shrimp', 7)]",901.5,-37.825354499999996,144.99510580000003,0,5.9270000000000005,12.848877499999999,17:27:53
ORDB09760,2018-12-01,18:59:09,Dinner,TP,"[('Pasta', 3), ('Salmon', 6), ('Fish&Chips', 6)]",538.5,-37.815163,144.9661091,0,8.017000000000001,14.008556599999999,18:59:09
ORDZ05429,2018-04-28,11:53:14,Breakfast,NS,"[('Cereal', 2), ('Pancake', 3)]",108.0,-37.8157995,144.9636952,0,8.357000000000001,14.994839,11:53:14
ORDJ09991,2018-03-22,10:32:06,Breakfast,TP,"[('Eggs', 8), ('Pancake', 6), ('Coffee', 3)]",348.5,-37.8189399,144.9626801,0,7.751,10.759169,10:32:06
ORDC08622,2018-04-02,11:02:32,Breakfast,NS,"[('Coffee', 10), ('Cereal', 3)]",63.0,-37.824805299999994,144.9470552,0,10.341,15.4129876,11:02:32
ORDA09973,2018-06-07,13:04:13,Lunch,BK,"[('Steak', 5), ('Salad', 9), ('Burger', 5), ('Fries', 10)]",654.8,-37.8034971,144.9490475,0,8.895,14.8094025,13:04:13
ORDC07775,2018-08-15,15:26:11,Lunch,NS,"[('Steak', 10), ('Salad', 9)]",604.8,-37.8084027,144.9758271,0,7.337000000000001,12.9661504,15:26:11
ORDX05834,2018-04-17,11:32:57,Breakfast,NS,"[('Eggs', 6), ('Coffee', 8)]",205.5,-37.8044144,144.9421387,0,9.312000000000001,14.252646799999999,11:32:57
ORDB10676,2018-08-08,15:16:03,Lunch,TP,"[('Fries', 2), ('Salad', 2), ('Chicken', 9), ('Burger', 10), ('Steak', 8)]",1016.4,-37.800588899999994,144.9653899,0,9.771,12.6639029,15:16:03
ORDC07003,2018-03-21,10:32:06,Breakfast,NS,"[('Pancake', 10), ('Cereal', 9), ('Coffee', 8), ('Eggs', 2)]",517.5,-37.8119848,144.9592624,0,7.976,13.0241705,10:32:06
ORDJ04316,2018-08-16,15:26:11,Lunch,TP,"[('Fries', 10), ('Burger', 5), ('Salad', 10), ('Chicken', 4), ('Steak', 1)]",620.0,-37.8110237,145.0054885,0,11.505999999999998,14.8932815,15:26:11
ORDX03499,2018-06-17,13:34:38,Lunch,BK,"[('Salad', 7), ('Fries', 6), ('Chicken', 4), ('Steak', 5)]",545.4,-37.8205326,145.01450659999998,0,4.459,11.962627099999999,13:34:38
ORDZ04296,2018-08-23,15:46:28,Lunch,NS,"[('Burger', 6), ('Chicken', 10), ('Steak', 6), ('Fries', 5), ('Salad', 4)]",904.8,-37.8111578,144.950247,0,8.681000000000001,14.2490298,15:46:28
ORDX05268,2018-11-03,18:08:27,Dinner,BK,"[('Pasta', 8), ('Salmon', 1), ('Shrimp', 8), ('Fish&Chips', 9)]",1008.0,-37.8110908,144.9524931,0,8.497,17.600918300000004,18:08:27
ORDC06997,2018-08-26,15:46:28,Lunch,NS,"[('Chicken', 8), ('Salad', 7)]",376.4,-37.8124034,144.9382877,0,10.372,18.408769500000002,15:46:28
ORDY09005,2018-05-27,12:43:56,Lunch,TP,"[('Salad', 3), ('Burger', 2), ('Fries', 6), ('Chicken', 6), ('Steak', 7)]",692.6,-37.8233376,144.9791279,0,8.352,12.9829295,12:43:56
ORDY06405,2018-02-22,09:41:24,Breakfast,TP,"[('Cereal', 4), ('Coffee', 10), ('Eggs', 8), ('Pancake', 1)]",375.0,-37.8081185,144.9567616,0,9.107000000000001,11.614182000000001,09:41:24
ORDZ10011,2018-08-03,15:05:54,Lunch,NS,"[('Fries', 3), ('Chicken', 7), ('Steak', 2), ('Salad', 3), ('Burger', 4)]",525.6,-37.819438399999996,144.97479840000003,0,8.556000000000001,13.6448958,15:05:54
ORDX08250,2018-09-25,16:47:19,Dinner,BK,"[('Salmon', 5), ('Shrimp', 6)]",529.0,-37.8049913,144.94188,0,9.392999999999999,16.0899121,16:47:19
ORDY10360,2018-12-07,19:19:26,Dinner,TP,"[('Salmon', 6), ('Shrimp', 6), ('Fish&Chips', 2), ('Pasta', 7)]",832.5,-37.8122878,144.9710567,1,8.711,12.8716469,19:19:26
ORDZ03921,2018-05-01,11:53:14,Breakfast,NS,"[('Pancake', 8)]",0.0,-37.809301299999994,144.950196,0,8.728,13.8432967,11:53:14
ORDJ01244,2018-01-03,08:00:00,Breakfast,TP,"[('Cereal', 5), ('Coffee', 10), ('Pancake', 9)]",378.0,-37.8012094,145.01931409999997,1,13.741,7.690877799999999,08:00:00
ORDB02660,2018-05-24,12:43:56,Lunch,TP,"[('Steak', 5), ('Chicken', 3)]",321.0,-37.8255311,144.9516784,0,8.52,12.4432663,12:43:56
ORDY04179,2018-11-28,18:59:09,Dinner,TP,"[('Salmon', 7), ('Fish&Chips', 9)]",602.0,-37.792618700000006,144.9582485,0,10.55,14.2703995,18:59:09
ORDK05662,2018-12-04,19:09:17,Dinner,BK,"[('Fish&Chips', 10), ('Pasta', 7)]",542.5,-37.8244094,144.9693686,0,8.129,14.477097599999999,19:09:17
ORDI00348,2018-10-01,16:57:27,Dinner,NS,"[('Salmon', 3), ('Fish&Chips', 7)]",368.0,-37.8118185,144.97518159999998,0,7.728,14.0806532,16:57:27
ORDI01170,2018-05-29,12:54:05,Lunch,NS,"[('Fries', 1), ('Steak', 6)]",282.0,-37.8166816,145.0089196,0,7.771,16.6203983,12:54:05
ORDI01180,2018-03-23,10:42:15,Breakfast,NS,"[('Cereal', 3), ('Pancake', 7), ('Eggs', 7), ('Coffee', 4)]",416.75,-37.8163392,144.9287765,0,10.552,15.470101300000001,10:42:15
ORDA04629,2018-11-06,18:18:35,Dinner,BK,"[('Shrimp', 4), ('Fish&Chips', 5), ('Pasta', 7)]",583.5,-37.8124336,144.9621758,0,7.684,14.455677900000001,18:18:35
ORDX04149,2018-02-04,09:00:50,Breakfast,BK,"[('Cereal', 3), ('Eggs', 1)]",87.25,-37.8050438,144.925926,0,10.924000000000001,18.6266576,09:00:50
ORDK01886,2018-07-15,14:25:21,Lunch,BK,"[('Burger', 6), ('Steak', 2), ('Chicken', 10), ('Fries', 1)]",608.0,-37.8040088,144.97640880000003,0,6.718,15.4366225,14:25:21
ORDZ02116,2018-06-29,13:54:55,Lunch,NS,"[('Steak', 1), ('Fries', 3), ('Burger', 8), ('Chicken', 3)]",425.0,-37.822216100000006,144.93129309999998,0,11.212,16.6061614,13:54:55
ORDZ08827,2018-10-09,17:17:44,Dinner,NS,"[('Pasta', 1), ('Fish&Chips', 3), ('Shrimp', 8)]",564.5,-37.812124700000005,144.9523505,0,8.606,14.4848946,17:17:44
ORDK05926,2018-11-25,18:49:00,Dinner,BK,"[('Salmon', 6), ('Fish&Chips', 2)]",316.0,-37.8087794,144.9828008,0,7.914,14.8040405,18:49:00
ORDZ02377,2018-01-01,08:00:00,Breakfast,NS,"[('Pancake', 4), ('Coffee', 9), ('Eggs', 2)]",204.0,-37.8078848,144.9577193,1,7.994,6.0931660999999995,08:00:00
ORDI01600,2018-05-02,11:53:14,Breakfast,NS,"[('Coffee', 8), ('Pancake', 1)]",82.0,-37.807799100000004,144.9540209,0,8.306000000000001,13.456687699999998,11:53:14
ORDK00833,2018-01-05,08:00:00,Breakfast,BK,"[('Cereal', 3), ('Pancake', 7)]",217.0,-37.8128964,144.9372226,1,10.156,7.6382959,08:00:00
ORDK09608,2018-05-12,12:13:31,Lunch,BK,"[('Burger', 4), ('Chicken', 7), ('Salad', 1)]",365.2,-37.80166079999999,144.9623741,0,7.943,16.612067,12:13:31
ORDI05798,2018-04-25,11:43:05,Breakfast,NS,"[('Pancake', 3), ('Cereal', 10), ('Coffee', 9)]",343.5,-37.8187456,144.9534724,0,9.21,14.092901600000001,11:43:05
ORDZ09648,2018-03-10,10:11:49,Breakfast,NS,"[('Cereal', 2), ('Eggs', 1)]",66.25,-37.813865299999996,144.9618774,0,8.249,15.362898800000002,10:11:49
ORDI10973,2018-10-21,17:38:01,Dinner,NS,"[('Fish&Chips', 5), ('Pasta', 3), ('Salmon', 3)]",380.5,-37.805108600000004,144.9935066,1,8.498,16.6540674,17:38:01
ORDX03657,2018-03-17,10:21:58,Breakfast,BK,"[('Coffee', 6), ('Pancake', 1), ('Cereal', 2)]",109.0,-37.8077086,144.9713827,0,6.675,14.4518973,10:21:58
ORDJ10885,2018-09-13,16:27:02,Dinner,TP,"[('Shrimp', 9), ('Salmon', 4)]",650.0,-37.802209000000005,144.9424564,0,9.265,14.6128117,16:27:02
ORDA04201,2018-04-15,11:22:49,Breakfast,BK,"[('Pancake', 4), ('Cereal', 10), ('Eggs', 5)]",419.25,-37.816610600000004,144.98671519999996,0,5.897,13.1527085,11:22:49
ORDJ03433,2018-05-16,12:23:39,Lunch,TP,"[('Burger', 9), ('Steak', 4)]",459.0,-37.8104242,144.972604,0,8.89,11.901581,12:23:39
ORDZ02833,2018-05-17,12:23:39,Lunch,NS,"[('Fries', 1), ('Chicken', 5), ('Salad', 7), ('Burger', 1), ('Steak', 8)]",683.4,-37.8196069,144.9634763,0,8.835,14.512471599999998,12:23:39
ORDK04347,2018-04-01,10:52:23,Breakfast,BK,"[('Cereal', 9), ('Coffee', 6), ('Pancake', 2)]",278.0,-37.8185087,144.9714423,0,7.392,14.928050099999998,10:52:23
ORDJ04625,2018-06-11,13:14:21,Lunch,TP,"[('Fries', 9), ('Chicken', 2), ('Steak', 5)]",397.0,-37.814336600000004,144.958962,0,8.401,11.756039999999999,13:14:21
ORDI10472,2018-08-07,15:16:03,Lunch,NS,"[('Burger', 9), ('Salad', 4), ('Steak', 6)]",617.8,-37.8093928,144.9723086,0,7.197,12.9217674,15:16:03
ORDK05816,2018-07-06,14:05:04,Lunch,BK,"[('Salad', 4), ('Fries', 7), ('Steak', 6), ('Chicken', 3)]",518.8,-37.804277899999995,144.94947480000002,1,8.748,14.891334200000001,14:05:04
ORDA09514,2018-04-25,11:43:05,Breakfast,BK,"[('Coffee', 5), ('Cereal', 10)]",247.5,-37.827149600000006,145.01151869999998,0,5.249,10.2028935,11:43:05
ORDI07681,2018-01-16,08:30:25,Breakfast,NS,"[('Eggs', 7), ('Pancake', 4)]",257.75,-37.804534100000005,144.98756519999998,1,7.968999999999999,6.658294099999999,08:30:25
ORDA00728,2018-11-28,18:59:09,Dinner,BK,"[('Shrimp', 6), ('Salmon', 7), ('Fish&Chips', 10), ('Pasta', 8)]",1181.0,-37.8094102,144.97271990000002,0,6.688,13.7466179,18:59:09
ORDB02223,2018-04-08,11:12:40,Breakfast,TP,"[('Pancake', 4), ('Coffee', 4), ('Cereal', 7)]",265.0,-37.8100283,144.99069730000002,0,10.193999999999999,14.029002800000002,11:12:40
ORDB06922,2018-10-09,17:17:44,Dinner,TP,"[('Fish&Chips', 4), ('Shrimp', 10)]",680.0,-37.8073106,144.9732854,0,9.312000000000001,13.134169400000001,17:17:44
ORDZ10160,2018-12-04,19:09:17,Dinner,NS,"[('Fish&Chips', 7), ('Pasta', 5)]",382.5,-37.8105716,145.0008345,0,9.505,15.558245900000001,19:09:17
ORDZ03109,2018-02-10,09:10:59,Breakfast,NS,"[('Pancake', 5), ('Cereal', 1)]",131.0,-37.807077899999996,144.9656769,1,7.114,14.176406900000002,09:10:59
ORDC07133,2018-02-13,09:21:07,Breakfast,NS,"[('Eggs', 1), ('Cereal', 1)]",45.25,-37.802525,144.9270871,0,10.241,15.2860781,09:21:07
ORDX04471,2018-05-27,12:43:56,Lunch,BK,"[('Chicken', 1), ('Burger', 5), ('Salad', 3), ('Steak', 9)]",643.6,-37.7961278,144.99491899999998,0,11.072000000000001,19.4674315,12:43:56
ORDX02020,2018-01-24,08:40:33,Breakfast,BK,"[('Eggs', 1), ('Cereal', 8)]",192.25,-37.8061701,144.9550219,0,8.179,13.147690099999998,08:40:33
ORDZ02673,2018-03-28,10:52:23,Breakfast,NS,"[('Pancake', 8), ('Coffee', 7)]",228.5,-37.8161066,144.972531,0,7.901,12.556062400000002,10:52:23
ORDC02090,2018-09-18,16:37:10,Dinner,BK,"[('Fish&Chips', 5), ('Salmon', 9), ('Shrimp', 5), ('Pasta', 7)]",1006.5,-37.805818,144.9559774,0,7.945,13.9315967,16:37:10
ORDI06999,2018-12-01,19:09:17,Dinner,NS,"[('Shrimp', 7), ('Pasta', 2), ('Fish&Chips', 9), ('Salmon', 10)]",1158.0,-37.8151109,144.9393705,0,9.795,18.0348873,19:09:17
ORDK06899,2018-02-19,09:31:16,Breakfast,BK,"[('Coffee', 5), ('Pancake', 10), ('Cereal', 7), ('Eggs', 9)]",622.75,-37.8060592,144.9460326,0,9.261000000000001,13.824492999999999,09:31:16
ORDK07214,2018-07-17,14:25:21,Lunch,BK,"[('Burger', 9), ('Chicken', 1)]",311.0,-37.8035375,144.93632680000002,1,10.557,15.9330753,14:25:21
ORDA06679,01-03-2018,09:51:32,Breakfast,BK,"[('Pancake', 4), ('Eggs', 4)]",185.0,-37.8237007,144.9868771,0,6.472,11.488427699999999,09:51:32
ORDI03065,2018-04-17,11:32:57,Breakfast,NS,"[('Pancake', 2), ('Cereal', 1), ('Eggs', 4), ('Coffee', 5)]",199.5,-37.8135886,144.97512680000003,0,7.7989999999999995,12.7715144,11:32:57
ORDX10667,2018-02-09,09:10:59,Breakfast,BK,"[('Pancake', 7), ('Cereal', 8), ('Coffee', 9)]",389.5,-37.8108289,144.9670389,0,7.1979999999999995,11.859061,09:10:59
ORDC08770,2018-02-22,09:41:24,Breakfast,NS,"[('Cereal', 4), ('Pancake', 8)]",260.0,-37.812529600000005,145.0049281,0,10.052999999999999,15.402536800000002,09:41:24
ORDK07144,2018-07-17,14:35:29,Lunch,BK,"[('Chicken', 2), ('Burger', 2), ('Steak', 10), ('Fries', 9)]",620.0,-37.801387,144.9806043,0,6.675,12.7965184,14:35:29
ORDX10656,2018-08-28,15:56:37,Lunch,BK,"[('Salad', 1), ('Fries', 6)]",89.2,-37.8186886,144.9781063,0,6.832999999999999,12.8923204,15:56:37
ORDC11054,2018-06-12,13:24:30,Lunch,NS,"[('Salad', 5), ('Fries', 4)]",86.0,-37.803033299999996,144.946302,0,8.581,14.132522,13:24:30
ORDX01617,2018-12-04,19:09:17,Dinner,BK,"[('Pasta', 10), ('Shrimp', 6), ('Fish&Chips', 4), ('Salmon', 6)]",985.0,-37.8033334,144.9760114,0,6.801,13.427555900000002,19:09:17
ORDZ05339,2018-09-15,16:27:02,Dinner,NS,"[('Salmon', 10), ('Pasta', 7), ('Shrimp', 3), ('Fish&Chips', 6)]",974.5,-37.814910100000006,144.958935,0,5.72,13.3755021,16:27:02
ORDC02519,2018-09-20,16:37:10,Dinner,NS,"[('Salmon', 1)]",41.0,-37.824593,144.9296182,0,9.498,15.3339517,16:37:10
ORDB09676,2018-08-12,15:26:11,Lunch,TP,"[('Salad', 9), ('Chicken', 4), ('Fries', 9), ('Burger', 6)]",576.8,-37.808251399999996,144.9411888,0,10.13,14.842881400000001,15:26:11
ORDX04124,2018-08-15,15:26:11,Lunch,BK,"[('Fries', 2), ('Salad', 10), ('Chicken', 5), ('Burger', 2)]",258.0,-37.8065092,144.9412737,0,9.589,15.329983800000003,15:26:11
ORDJ09686,2018-11-13,18:28:43,Dinner,TP,"[('Shrimp', 2), ('Pasta', 4), ('Fish&Chips', 6), ('Salmon', 8)]",756.0,-37.8179257,144.9676815,0,7.73,11.863185000000001,18:28:43
ORDX07450,2018-10-01,17:07:36,Dinner,BK,"[('Salmon', 8), ('Fish&Chips', 1)]",363.0,-37.8040237,144.93345580000002,0,10.19,17.4543362,17:07:36
ORDY04310,2018-06-07,13:14:21,Lunch,TP,"[('Burger', 5), ('Steak', 4), ('Fries', 4)]",383.0,-37.8084167,144.9520604,0,10.141,12.402925199999999,13:14:21
ORDZ06207,2018-09-24,16:47:19,Dinner,NS,"[('Shrimp', 5), ('Salmon', 4), ('Pasta', 10), ('Fish&Chips', 6)]",919.0,-37.8221023,144.97357549999998,0,9.821,15.4686001,16:47:19
ORDY05138,2018-04-28,11:53:14,Breakfast,TP,"[('Cereal', 5), ('Eggs', 1)]",129.25,-37.816499900000004,144.97697069999998,0,8.64,13.162444699999998,11:53:14
ORDK01123,2018-09-29,16:57:27,Dinner,BK,"[('Shrimp', 7), ('Pasta', 6)]",543.0,-37.8019774,144.9527304,0,8.625,18.396997,16:57:27
ORDJ05301,2018-05-04,12:03:22,Lunch,TP,"[('Chicken', 2), ('Fries', 5), ('Salad', 10), ('Burger', 8)]",544.0,-37.7999204,144.934833,0,13.663,16.3007595,12:03:22
ORDC10708,2018-01-28,08:50:42,Breakfast,NS,"[('Eggs', 8), ('Pancake', 10), ('Coffee', 6), ('Cereal', 2)]",501.0,-37.810505600000006,144.9376672,0,10.065,16.747047400000003,08:50:42
ORDY06438,2018-04-11,11:12:40,Breakfast,TP,"[('Cereal', 1), ('Pancake', 6)]",153.0,-37.803025500000004,144.94885580000002,1,9.994,12.604129400000001,11:12:40
ORDY10405,2018-09-05,16:06:45,Dinner,NS,"[('Shrimp', 5), ('Pasta', 3)]",352.5,-37.815016899999996,144.9276057,0,11.79,15.981675699999998,16:06:45
ORDB09848,2018-08-01,14:55:46,Lunch,TP,"[('Burger', 7), ('Steak', 3), ('Salad', 3), ('Fries', 4)]",451.6,-37.8070767,144.9487011,0,9.687000000000001,13.3635772,14:55:46
ORDA07542,2018-10-17,17:38:01,Dinner,NS,"[('Shrimp', 7), ('Salmon', 2), ('Fish&Chips', 10), ('Pasta', 7)]",1002.5,-37.8019407,144.952397,0,8.655,15.9795889,17:38:01
ORDY02939,2018-04-29,11:53:14,Breakfast,TP,"[('Eggs', 2), ('Coffee', 6), ('Pancake', 9), ('Cereal', 4)]",375.5,-37.8046287,144.97040880000003,0,9.573,13.667555300000002,11:53:14
ORDK03772,2018-11-26,18:59:09,Dinner,BK,"[('Salmon', 3), ('Shrimp', 10), ('Pasta', 5)]",800.5,-37.8249245,145.0111166,0,5.0569999999999995,11.511250800000001,18:59:09
ORDZ07359,2018-02-07,09:10:59,Breakfast,NS,"[('Coffee', 9), ('Cereal', 1)]",88.5,-37.8050968,144.9287544,0,10.498,15.356473699999999,09:10:59
ORDA00013,2018-03-31,10:52:23,Breakfast,BK,"[('Cereal', 1), ('Coffee', 3), ('Pancake', 8), ('Eggs', 4)]",316.5,-37.807125,144.95825980000004,0,7.899,15.7413669,10:52:23
ORDI00857,2018-07-26,14:45:38,Lunch,NS,"[('Burger', 7), ('Chicken', 5)]",377.0,-37.8239805,144.98272759999998,0,10.093,14.9972375,14:45:38
ORDY04177,2018-09-23,16:47:19,Dinner,NS,"[('Shrimp', 7), ('Pasta', 5), ('Salmon', 9), ('Fish&Chips', 1)]",919.5,-37.8208641,144.9474851,0,8.987,14.7875551,16:47:19
ORDI03287,2018-06-17,13:34:38,Lunch,NS,"[('Steak', 7), ('Burger', 6), ('Chicken', 5)]",661.0,-37.800506299999995,144.9647032,0,6.621,13.935905599999998,13:34:38
ORDY00464,2018-01-10,08:10:08,Breakfast,TP,"[('Pancake', 7), ('Eggs', 1)]",178.25,-37.806460200000004,144.9439695,0,10.147,6.7136854999999995,08:10:08
ORDY05801,2018-03-09,10:11:49,Breakfast,TP,"[('Eggs', 7), ('Pancake', 5), ('Coffee', 6)]",324.75,-37.82516029999999,144.98537919999998,0,9.027999999999999,11.6451136,10:11:49
ORDC01154,2018-01-31,08:50:42,Breakfast,NS,"[('Coffee', 2), ('Eggs', 9), ('Pancake', 1)]",255.25,-37.8234221,144.9571591,0,10.039,14.7120951,08:50:42
ORDZ10088,2018-06-07,13:14:21,Lunch,TP,"[('Fries', 5), ('Steak', 4), ('Chicken', 10), ('Salad', 3)]",611.6,-37.8082895,144.9520024,0,8.516,14.2512894,13:14:21
ORDY01764,2018-10-16,17:27:53,Dinner,TP,"[('Fish&Chips', 3), ('Pasta', 6), ('Shrimp', 3)]",432.0,-37.818619399999996,144.99204890000001,0,9.945,13.9773986,17:27:53
ORDX01540,2018-05-24,12:43:56,Lunch,BK,"[('Steak', 2), ('Burger', 2)]",90.0,-37.8221479,144.97905500000002,0,6.997999999999999,12.7715548,12:43:56
ORDZ05418,2018-06-07,13:14:21,Lunch,NS,"[('Fries', 4), ('Steak', 5), ('Salad', 3), ('Burger', 2)]",386.6,-37.805193700000004,144.94107409999998,0,9.281,14.752375400000002,13:14:21
ORDJ06120,2018-01-03,08:00:00,Breakfast,TP,"[('Pancake', 8), ('Coffee', 10)]",251.0,-37.803187799999996,144.93671709999998,1,8.871,6.211338099999999,08:00:00
ORDC06289,2018-08-13,15:26:11,Lunch,NS,"[('Fries', 3), ('Burger', 10), ('Chicken', 5), ('Salad', 2), ('Steak', 6)]",810.4,-37.80522070000001,144.9419912,0,9.203,14.715297699999999,15:26:11
ORDA06606,2018-10-16,17:27:53,Dinner,BK,"[('Shrimp', 10), ('Pasta', 1), ('Fish&Chips', 2)]",637.5,-37.8256126,144.99736919999998,0,5.745,12.082882099999999,17:27:53
ORDC06802,2018-08-22,15:46:28,Lunch,NS,"[('Chicken', 8), ('Burger', 7), ('Steak', 5)]",698.0,-37.818699200000005,144.95547140000002,0,10.227,14.3499385,15:46:28
ORDB06445,2018-04-01,10:52:23,Breakfast,BK,"[('Eggs', 9), ('Pancake', 3), ('Coffee', 6)]",329.25,-37.81926729999999,144.9788564,0,8.668,12.520962599999999,10:52:23
ORDX00386,2018-08-26,15:46:28,Lunch,BK,"[('Salad', 9), ('Chicken', 1), ('Steak', 3)]",321.79999999999995,-37.813613700000005,144.9377835,0,10.24,18.788554100000002,15:46:28
ORDX09036,2018-04-24,11:43:05,Breakfast,BK,"[('Cereal', 7), ('Coffee', 5)]",184.5,-37.8192399,144.9529087,0,8.847000000000001,13.186330400000001,11:43:05
ORDZ04689,2018-07-21,14:35:29,Lunch,NS,"[('Salad', 8), ('Steak', 1), ('Fries', 5), ('Chicken', 10)]",562.6,-37.8121677,144.974434,0,7.659,15.0703772,14:35:29
ORDJ08402,2018-08-07,15:16:03,Lunch,TP,"[('Burger', 1)]",31.0,-37.811963,144.9558165,0,8.7,12.094843800000001,15:16:03
ORDK11011,2018-02-22,09:41:24,Breakfast,BK,"[('Pancake', 4), ('Cereal', 9), ('Eggs', 2)]",325.5,-37.8205559,145.0145213,0,7.337000000000001,9.2840883,09:41:24
ORDJ03303,2018-01-22,08:40:33,Breakfast,TP,"[('Eggs', 10), ('Pancake', 10), ('Cereal', 4)]",546.5,-37.800303799999995,144.9718336,0,10.141,12.021162599999998,08:40:33
ORDC04872,2018-04-03,11:02:32,Breakfast,NS,"[('Pancake', 3), ('Eggs', 7), ('Cereal', 10)]",445.75,-37.8229052,144.985527,0,9.168,14.3834878,11:02:32
ORDI05109,2018-07-21,14:35:29,Lunch,NS,"[('Salad', 5), ('Fries', 4), ('Burger', 5), ('Steak', 10)]",739.0,-37.8212383,145.011546,0,11.462,18.9696061,14:35:29
ORDA07314,2018-05-02,11:53:14,Breakfast,BK,"[('Eggs', 4), ('Pancake', 2)]",141.0,-37.8077209,144.95368290000002,0,8.442,13.8889984,11:53:14
ORDY03053,2018-11-03,18:08:27,Dinner,TP,"[('Salmon', 4), ('Shrimp', 3), ('Fish&Chips', 4), ('Pasta', 1)]",493.5,-37.8110908,144.9524931,0,9.062999999999999,14.442469500000001,18:08:27
ORDI04214,2018-05-11,12:13:31,Lunch,NS,"[('Salad', 7), ('Burger', 10)]",430.4,-37.8262873,144.95208799999997,0,8.674,15.815149,12:13:31
ORDK08393,2018-06-21,13:34:38,Lunch,BK,"[('Chicken', 2), ('Salad', 5), ('Steak', 10)]",600.0,-37.8139265,145.00785459999997,0,3.674,8.9175454,13:34:38
ORDK09761,10-11-2018,18:18:35,Dinner,BK,"[('Salmon', 9), ('Fish&Chips', 1), ('Shrimp', 2), ('Pasta', 10)]",787.0,-37.8193779,145.0065013,0,4.3389999999999995,13.455824900000001,18:18:35
ORDI05205,2018-01-09,08:10:08,Breakfast,NS,"[('Eggs', 8), ('Cereal', 5), ('Pancake', 6)]",431.0,-37.81262460000001,144.9612396,1,7.954,6.4892306,08:10:08
ORDY07715,2018-03-16,10:21:58,Breakfast,NS,"[('Coffee', 5), ('Pancake', 9), ('Eggs', 8)]",429.5,-37.801450700000004,144.9576509,0,9.738,12.2954967,10:21:58
ORDI11031,2018-12-23,19:49:51,Dinner,NS,"[('Shrimp', 4), ('Pasta', 2)]",271.0,-37.8187231,145.0037836,0,10.485999999999999,18.0633711,19:49:51
ORDC01661,2018-11-06,18:18:35,Dinner,NS,"[('Salmon', 1), ('Shrimp', 5), ('Fish&Chips', 4), ('Pasta', 7)]",643.5,-37.8082532,144.9602574,0,7.622999999999999,13.6517846,18:18:35
ORDY00806,2018-10-27,17:58:18,Dinner,TP,"[('Salmon', 5), ('Pasta', 8)]",220.0,-37.8040296,144.9673654,0,9.529,15.111858699999999,17:58:18
ORDA10738,08-07-2018,14:15:12,Lunch,BK,"[('Fries', 6), ('Salad', 1), ('Steak', 1)]",134.2,-37.817864799999995,144.95137409999998,0,8.871,16.826616199999997,14:15:12
ORDA03490,2018-05-12,12:13:31,Lunch,BK,"[('Salad', 7)]",120.39999999999999,-37.8007651,144.95855480000003,0,8.243,16.454773199999998,12:13:31
ORDC06865,2018-07-26,14:45:38,Lunch,NS,"[('Burger', 9), ('Steak', 2)]",369.0,-37.8239805,144.98272759999998,0,9.255,14.356850699999999,14:45:38
ORDJ00057,2018-03-11,10:11:49,Breakfast,TP,"[('Cereal', 2), ('Pancake', 1)]",64.0,-37.8103335,144.980929,0,9.361,13.748575899999999,10:11:49
ORDB06635,2018-12-08,19:19:26,Dinner,TP,"[('Fish&Chips', 4), ('Shrimp', 1), ('Pasta', 6), ('Salmon', 9)]",728.0,-37.8128208,144.9718045,0,9.222999999999999,14.7100601,19:19:26
ORDX05121,2018-09-06,16:06:45,Dinner,BK,"[('Fish&Chips', 1), ('Pasta', 8), ('Salmon', 3)]",378.0,-37.8086826,144.9784657,0,7.771,13.013803,16:06:45
ORDC02340,2018-01-28,08:50:42,Breakfast,NS,"[('Cereal', 2), ('Eggs', 2), ('Coffee', 4), ('Pancake', 10)]",340.5,-37.81836920000001,144.9567127,0,8.955,16.0994042,08:50:42
ORDC02855,2018-12-12,19:29:34,Dinner,NS,"[('Shrimp', 5), ('Fish&Chips', 6)]",480.0,-37.8253131,144.9458456,0,10.368,16.134802599999997,19:29:34
ORDC08400,2018-03-15,10:21:58,Breakfast,NS,"[('Coffee', 3), ('Eggs', 6), ('Pancake', 3), ('Cereal', 6)]",360.0,-37.8186685,144.98310469999998,0,9.014,13.9829455,10:21:58
ORDX05321,2018-06-02,13:04:13,Lunch,BK,"[('Salad', 1), ('Chicken', 6)]",209.2,-37.816317,144.97089780000002,0,7.0889999999999995,15.196692800000001,13:04:13
ORDA09227,2018-05-23,12:43:56,Lunch,BK,"[('Burger', 2), ('Fries', 2), ('Chicken', 8), ('Salad', 6)]",445.2,-37.8134464,144.9897247,0,5.375,11.1859908,12:43:56
ORDY08264,2018-04-17,11:32:57,Breakfast,TP,"[('Cereal', 9), ('Pancake', 9)]",387.0,-37.821454200000005,144.94736519999998,1,8.964,12.09971,11:32:57
ORDX10829,2018-08-09,15:16:03,Lunch,BK,"[('Salad', 6), ('Burger', 10), ('Steak', 6)]",683.2,-37.81560220000001,144.9880167,1,5.678999999999999,11.4678029,15:16:03
ORDZ09111,2018-09-19,16:37:10,Dinner,NS,"[('Pasta', 7), ('Fish&Chips', 3)]",297.5,-37.813450200000005,144.9561793,0,8.346,14.561763500000001,16:37:10
ORDZ02044,2018-04-14,11:22:49,Breakfast,NS,"[('Pancake', 4), ('Eggs', 10), ('Cereal', 4)]",414.5,-37.8077444,144.9469661,0,8.889,15.6660139,11:22:49
ORDZ05178,2018-03-20,10:32:06,Breakfast,NS,"[('Eggs', 4), ('Pancake', 2), ('Cereal', 9), ('Coffee', 9)]",397.5,-37.811007399999994,144.95871530000002,0,7.892,13.22359,10:32:06
ORDY08092,2018-09-20,16:37:10,Dinner,TP,"[('Pasta', 5), ('Shrimp', 3), ('Fish&Chips', 4)]",439.5,-37.8153761,144.9553213,0,8.486,12.517660800000002,16:37:10
ORDB04503,2018-03-22,10:32:06,Breakfast,TP,"[('Cereal', 5), ('Eggs', 1), ('Pancake', 7)]",283.25,-37.7999256,144.9551217,0,9.809,12.357953199999999,10:32:06
ORDI09860,2018-04-02,11:02:32,Breakfast,NS,"[('Coffee', 5), ('Pancake', 3), ('Eggs', 10)]",346.0,-37.815255,144.952372,0,8.775,14.6190337,11:02:32
ORDK08375,2018-02-13,09:21:07,Breakfast,BK,"[('Cereal', 9), ('Eggs', 8), ('Coffee', 8), ('Pancake', 7)]",597.0,-37.8249166,144.9920157,0,6.78,12.282318400000001,09:21:07
ORDX00925,2018-10-07,17:17:44,Dinner,BK,"[('Pasta', 10), ('Shrimp', 9)]",761.0,-37.8022471,144.9659291,0,7.662000000000001,16.9977616,17:17:44
ORDY06133,2018-10-11,17:17:44,Dinner,TP,"[('Salmon', 7), ('Pasta', 10)]",562.0,-37.81192,144.9535766,0,8.92,12.6771967,17:17:44
ORDK03290,2018-09-01,16:06:45,Dinner,BK,"[('Fish&Chips', 4), ('Pasta', 8)]",360.0,-37.8149718,144.9602405,1,8.002,17.2380507,16:06:45
ORDB05022,2018-06-05,13:04:13,Lunch,TP,"[('Chicken', 5)]",160.0,-37.82363970000001,145.0100076,0,11.424000000000001,13.825318,13:04:13
ORDA03644,2018-09-17,16:37:10,Dinner,BK,"[('Pasta', 9), ('Salmon', 5)]",452.5,-37.808944200000006,144.92577340000003,1,11.017999999999999,18.348136,16:37:10
ORDI01506,2018-12-31,20:00:00,Dinner,NS,"[('Salmon', 5), ('Fish&Chips', 9)]",520.0,-37.82102929999999,144.96962480000002,0,8.736,14.653475199999997,20:00:00
ORDC05735,2018-09-03,16:06:45,Dinner,NS,"[('Salmon', 1), ('Pasta', 5)]",178.5,-37.8148701,144.9356697,0,8.871,16.129951900000002,16:06:45
ORDI09022,2018-02-08,09:10:59,Breakfast,NS,"[('Eggs', 9), ('Coffee', 9), ('Cereal', 10)]",495.75,-37.8233446,144.98147790000002,0,9.129,14.5309421,09:10:59
ORDX08298,2018-01-05,08:00:00,Breakfast,BK,"[('Cereal', 8), ('Coffee', 4), ('Eggs', 4)]",295.0,-37.8121626,144.9387584,1,9.889,7.249743700000001,08:00:00
ORDC06283,2018-05-14,12:23:39,Lunch,NS,"[('Salad', 2), ('Steak', 2), ('Fries', 9), ('Burger', 3), ('Chicken', 3)]",421.4,-37.805829700000004,144.95608159999998,1,7.934,13.465081,12:23:39
ORDZ01128,2018-06-25,13:44:47,Lunch,NS,"[('Chicken', 4), ('Burger', 10)]",438.0,-37.8241513,144.98365090000001,0,9.454,15.203626199999999,13:44:47
ORDX06071,2018-07-05,14:05:04,Lunch,BK,"[('Steak', 7), ('Salad', 10), ('Burger', 4), ('Fries', 1), ('Chicken', 8)]",879.0,-37.8210134,144.9472586,0,9.353,15.4630226,14:05:04
ORDC00243,2018-05-02,11:53:14,Breakfast,NS,"[('Cereal', 9), ('Coffee', 2), ('Eggs', 8)]",398.0,-37.80854779999999,144.9533085,0,8.406,13.1745661,11:53:14
ORDJ07053,2018-11-10,18:18:35,Dinner,TP,"[('Pasta', 3), ('Salmon', 6)]",328.5,-37.819614200000004,145.0099096,0,11.474,16.193815700000002,18:18:35
ORDB10637,2018-07-18,14:35:29,Lunch,TP,"[('Fries', 10), ('Burger', 7), ('Chicken', 3)]",433.0,-37.8017491,144.98377480000002,0,10.481,14.1061092,14:35:29
ORDY06481,2018-01-12,08:20:16,Breakfast,TP,"[('Coffee', 4), ('Pancake', 7), ('Eggs', 3), ('Cereal', 5)]",361.75,-37.807331700000006,144.9574524,1,9.174,5.8465713,08:20:16
ORDZ06135,2018-09-18,16:37:10,Dinner,NS,"[('Fish&Chips', 5), ('Pasta', 1), ('Salmon', 1), ('Shrimp', 2)]",351.5,-37.8076398,144.98091259999998,1,7.635,13.386220999999999,16:37:10
ORDI05472,09-03-2018,10:11:49,Breakfast,NS,"[('Eggs', 9), ('Coffee', 1), ('Pancake', 2)]",269.75,-37.8073918,144.9628592,0,7.362,12.1615324,10:11:49
ORDA04155,2018-09-14,16:27:02,Dinner,TP,"[('Shrimp', 7), ('Pasta', 7), ('Fish&Chips', 1), ('Salmon', 9)]",974.5,-37.8171409,144.9644869,0,7.709,14.4025984,16:27:02
ORDK00722,2018-07-12,14:15:12,Lunch,BK,"[('Burger', 3), ('Steak', 5), ('Chicken', 8), ('Fries', 9), ('Salad', 7)]",802.4,-37.8180527,144.9946725,0,5.252999999999999,11.029983,14:15:12
ORDC10445,2018-02-09,09:10:59,Breakfast,NS,"[('Coffee', 7), ('Pancake', 8), ('Cereal', 3)]",291.5,-37.7992809,144.9592806,0,7.159,12.013903599999999,09:10:59
ORDZ05027,2018-05-10,12:13:31,Lunch,NS,"[('Fries', 3), ('Salad', 7), ('Chicken', 1), ('Steak', 10), ('Burger', 9)]",917.4,-37.801810700000004,144.96364230000003,0,6.851,12.164700199999999,12:13:31
ORDK07940,05-05-2018,12:03:22,Lunch,BK,"[('Fries', 4), ('Burger', 10), ('Chicken', 3)]",454.0,-37.816238899999995,144.9637619,0,7.791,16.1044215,12:03:22
ORDY08667,2018-06-16,13:24:30,Lunch,TP,"[('Chicken', 7), ('Burger', 6)]",410.0,-37.8138626,145.00932659999998,0,11.898,16.2834346,13:24:30
ORDA05213,2018-06-20,13:34:38,Lunch,BK,"[('Fries', 5), ('Burger', 10), ('Steak', 2), ('Chicken', 8), ('Salad', 2)]",750.4,-37.8246042,144.95834150000002,0,9.005,14.924288,13:34:38
ORDZ08505,2018-11-03,18:08:27,Dinner,NS,"[('Salmon', 8), ('Fish&Chips', 2), ('Shrimp', 1)]",452.0,-37.8176948,144.9705367,0,8.719,16.9400681,18:08:27
ORDJ09632,2018-12-19,19:39:43,Dinner,TP,"[('Pasta', 4), ('Shrimp', 7), ('Salmon', 4), ('Fish&Chips', 1)]",687.0,-37.8052848,144.9400014,0,10.544,14.544974800000002,19:39:43
ORDY06321,2018-05-16,12:23:39,Lunch,TP,"[('Steak', 8), ('Burger', 5), ('Fries', 5), ('Chicken', 2), ('Salad', 7)]",759.4,-37.8087626,144.97188789999998,0,9.175,12.5563179,12:23:39
